基金代码,基金简称,日期,单位净值,累计净值,日增长率,近1周,近1月,近3月,近6月,近1年,近2年,近3年,今年来,成立来,成立时间,自定义,手续费
005669,前海开源公用事业股票,2021-09-07,3.2722,3.2722,1.95,-0.86,3.23,67.19,114.64,203.57,208.41,237.93,96.95,227.22,2018-03-23,192.8936,1.50%
002296,长城行业轮动混合A,2021-09-07,2.8805,2.8805,2.38,-2.58,6.60,63.86,114.40,116.60,145.17,170.14,98.74,188.05,2016-01-12,115.3169,1.50%
000689,前海开源新经济混合A,2021-09-07,3.2801,3.3901,2.48,-1.21,1.76,64.91,109.46,148.12,218.77,258.87,94.32,260.49,2014-08-20,136.7247,1.50%
006736,国投瑞银先进制造混合,2021-09-07,5.2038,5.2038,2.71,-1.65,17.13,79.09,104.87,155.53,347.91,,88.09,420.38,2019-01-25,152.1876,1.50%
007689,国投瑞银新能源混合A,2021-09-07,3.9780,4.0480,2.72,-1.78,17.74,79.37,103.63,157.46,,,90.36,324.26,2019-11-18,154.1842,1.50%
001704,国投瑞银进宝灵活配置混合,2021-09-07,5.1164,5.1414,2.57,-0.69,16.54,78.80,103.48,140.22,313.91,488.30,82.95,424.37,2015-08-26,136.0204,1.50%
007690,国投瑞银新能源混合C,2021-09-07,3.9496,4.0196,2.72,-1.78,17.71,79.19,103.23,156.45,,,89.85,321.25,2019-11-18,153.1979,
000209,信诚新兴产业混合A,2021-09-07,5.6674,5.6674,3.26,-3.21,7.42,55.48,98.72,179.60,325.16,402.43,95.90,466.74,2013-07-17,169.5116,1.50%
167001,平安鼎泰混合(LOF),2021-09-07,2.4459,2.4459,3.08,-2.29,12.90,70.62,91.68,130.03,227.39,274.91,81.86,144.59,2016-07-21,126.1074,1.50%
005927,创金合信新能源汽车股票A,2021-09-07,3.9319,3.9319,3.06,-3.34,6.91,58.61,91.24,178.17,304.35,301.05,82.21,293.19,2018-05-08,163.1199,1.50%
005928,创金合信新能源汽车股票C,2021-09-07,3.8384,3.8384,3.06,-3.35,6.85,58.34,90.57,176.24,298.92,292.43,81.35,283.84,2018-05-08,161.3170,
001298,金鹰民族新兴混合,2021-09-07,4.4320,4.4320,2.62,-4.93,3.50,51.94,90.05,153.84,276.87,388.11,93.71,343.20,2015-06-02,145.2463,1.50%
009644,东方阿尔法优势产业混合A,2021-09-07,2.4237,2.4237,2.98,-2.66,6.04,52.36,89.26,148.74,,,84.69,142.37,2020-06-28,,1.50%
009645,东方阿尔法优势产业混合C,2021-09-07,2.4094,2.4094,2.97,-2.67,5.99,52.17,88.78,147.50,,,84.06,140.94,2020-06-28,,
400015,东方新能源汽车混合,2021-09-07,4.7379,5.1979,4.26,-1.05,1.94,43.97,88.34,170.03,326.65,332.72,68.76,531.73,2011-12-28,152.1372,1.50%
590003,中邮核心优势灵活配置混合,2021-09-07,3.5540,3.7340,3.04,3.46,16.60,64.46,86.56,102.74,159.99,182.06,80.22,318.76,2009-10-28,95.3794,1.50%
000828,泰达转型机遇股票A,2021-09-07,3.8130,4.0330,3.84,-3.30,0.95,42.06,85.28,151.68,274.93,451.81,69.02,358.19,2014-11-18,142.5082,1.20%
167002,平安鼎越混合(LOF),2021-09-07,3.3614,3.3614,3.27,-2.21,12.74,65.64,85.02,119.70,222.19,302.90,76.37,236.14,2016-09-20,115.3987,1.50%
005076,创金合信优选回报灵活配置混合,2021-09-07,1.6534,2.2904,3.01,-3.71,7,59.32,83.88,71.86,168.87,195.68,61.75,172.29,2017-09-27,62.4889,1.20%
006154,华安制造先锋混合A,2021-09-07,4.4637,4.4637,2.08,-2.42,6.14,53.21,83.69,98.09,181.50,,66.80,346.37,2018-12-25,93.7073,1.50%
011146,创金气候变化责任投资股票A,2021-09-07,1.7802,1.7802,2.81,-3.59,6.72,58.69,82.73,,,,75.74,78.02,2020-12-30,68.75,1.50%
011147,创金气候变化责任投资股票C,2021-09-07,1.7754,1.7754,2.81,-3.59,6.69,58.53,82.37,,,,75.26,77.54,2020-12-30,68.3,
010135,泰达高研发6个月持有混合A,2021-09-07,1.4670,1.4670,4.09,-1.77,0.24,41.34,81.25,,,,53.90,46.70,2020-09-24,40.47,1.50%
010136,泰达高研发6个月持有混合C,2021-09-07,1.4629,1.4629,4.08,-1.78,0.21,41.25,80.96,,,,53.59,46.29,2020-09-24,40.08,
003567,华夏行业景气混合,2021-09-07,3.8019,3.8019,1.68,0.86,2.39,40.63,79.96,113.53,204.20,288.15,72.79,280.19,2017-02-04,107.3575,1.50%
005939,工银新能源汽车混合A,2021-09-07,4.5077,4.5077,3.16,-2.31,2.33,42.62,79.73,151.85,296.04,,62.40,350.77,2018-11-14,140.0827,1.50%
040015,华安动态灵活配置混合,2021-09-07,5.06,5.6730,1.52,-2.17,5.81,50.55,79.69,97.12,180.64,257.85,66.50,679.45,2009-12-22,93.1048,1.50%
001933,华商新兴活力混合,2021-09-07,2.7340,2.7340,2.36,-1.87,1.64,51.89,79.40,73.48,193.03,203.44,55.96,173.40,2016-02-25,67.0685,1.50%
005940,工银新能源汽车混合C,2021-09-07,4.4171,4.4171,3.16,-2.32,2.29,42.47,79.37,150.84,292.60,,61.95,341.71,2018-11-14,139.1277,
162201,泰达宏利成长混合,2021-09-07,2.6688,5.0653,4.34,-1.84,1.75,40.23,78.81,47.46,103.74,198,58.61,1890.94,2003-04-25,40.0983,1.50%
001245,工银生态环境股票,2021-09-07,2.8780,2.8780,3.12,-2.61,2.82,59.18,77.22,133.98,283.22,387.80,60.87,187.80,2015-06-02,125.6911,1.50%
001822,华商智能生活灵活配置混合,2021-09-07,2.8260,2.8260,2.35,-2.48,0.78,48.04,75.42,72,197.47,244.63,53.92,182.60,2015-11-13,66.1595,1.50%
008279,国泰中证煤炭ETF联接A,2021-09-07,2.3044,2.3044,4.25,5.30,30.26,45.44,75.37,110.39,,,80.89,130.44,2020-01-16,98.0279,1.00%
008280,国泰中证煤炭ETF联接C,2021-09-07,2.2935,2.2935,4.25,5.29,30.22,45.33,75.10,109.78,,,80.52,129.35,2020-01-16,97.4664,
168204,中融中证煤炭指数(LOF),2021-09-07,1.7310,1.7310,4.59,5.16,31.24,46.32,75.03,108.72,99.94,106.35,77.72,30.98,2015-06-25,95.5790,
002190,农银新能源主题,2021-09-07,4.3759,4.3759,4.99,0.48,1.79,39.95,74.62,137.28,362.96,417.06,56.90,337.59,2016-03-29,119.1628,1.50%
004925,长信低碳环保行业量化股票A,2021-09-07,2.9608,2.9608,5.36,0.77,2.30,41.58,74.58,132.42,237.22,276.17,57.66,196.08,2017-11-09,114.1769,1.50%
009651,海富通成长甄选混合A,2021-09-07,1.8545,1.8545,2.76,-5.66,5.06,63.85,74.52,,,,64.38,85.45,2020-09-27,82.25,1.50%
610004,信达澳银中小盘混合,2021-09-07,4.5920,4.5920,1.82,-4.53,11.38,58.18,74.40,109.30,183.11,311.47,63.53,359.20,2009-12-01,103.7375,1.50%
009652,海富通成长甄选混合C,2021-09-07,1.8475,1.8475,2.76,-5.66,5.02,63.68,74.18,,,,63.93,84.75,2020-09-27,81.57,
001569,泰信国策驱动灵活配置混合,2021-09-07,2.5470,2.5470,2.74,-1.24,5.16,40.56,73.62,110.15,268.60,304.29,61.71,154.70,2015-10-27,103.6304,1.50%
004745,长盛创新驱动灵活配置混合,2021-09-07,3.1166,3.1166,2.85,-4.44,-1.90,46.30,72.32,141.69,253.56,267.31,58.13,211.66,2017-08-16,132.4699,1.50%
700003,平安策略先锋混合,2021-09-07,6.1150,6.2150,2.46,-0.62,6.50,50.99,72.25,98.60,208.37,323.18,63.81,569.09,2012-05-29,95.9727,1.50%
004390,平安转型创新混合A,2021-09-07,3.4835,3.5735,2.51,-1.03,6.77,50.29,71.82,98.48,200.38,302.90,62.85,279.27,2017-04-14,96.3649,1.50%
161032,富国中证煤炭指数(LOF)A,2021-09-07,1.8850,1.3130,4.20,4.55,31.18,43.67,71.68,108.16,102.26,125.81,77.50,31.33,2015-06-19,96.3402,
009147,建信新能源行业股票,2021-09-07,2.8140,2.8140,2.97,-1.86,5.12,47.61,71.54,158.45,,,62.79,181.40,2020-06-17,150.6521,1.50%
002258,大成国企改革灵活配置混合,2021-09-07,3.5170,3.5170,1.79,2.60,18.94,48.33,71.48,107,219.73,308,80.64,251.70,2017-09-21,99.9411,1.50%
004391,平安转型创新混合C,2021-09-07,3.3945,3.4795,2.51,-1.04,6.69,50,71.13,96.91,195.56,296.32,61.97,267.97,2017-04-14,94.8315,
310368,申万菱信竞争优势混合,2021-09-07,3.3268,4.3428,4.51,4.68,17.51,49.75,71.06,100.42,169.22,245.89,64.34,581.16,2008-07-04,90.9332,1.50%
110025,易方达资源行业混合,2021-09-07,1.8990,1.8990,3.49,-0.63,20.04,61.62,70.93,99.27,122.63,113.61,63.99,89.90,2011-08-16,92.2350,1.50%
210003,金鹰行业优势混合,2021-09-07,3.8322,4.2222,2.39,-2.55,7.84,42.47,70.52,106.50,216.50,282.34,67.87,422.51,2009-07-01,101.0561,1.50%
610006,信达澳银产业升级混合,2021-09-07,3.87,4.34,2.14,-5.15,10.89,54.24,70.41,114.40,203.05,272.47,65.67,453.11,2011-06-13,107.4238,1.50%
161724,招商中证煤炭等权指数(LOF),2021-09-07,1.8138,1.2890,4.56,4.77,30.94,41.58,69.07,110.13,113.09,119.72,66.77,37.17,2015-05-20,97.6637,1.00%
002083,新华鑫动力灵活配置混合A,2021-09-07,3.4896,3.4896,3.09,-1.53,-0.25,33.87,68.78,140.33,274.02,356.16,50.09,248.96,2016-06-08,125.6474,1.00%
002084,新华鑫动力灵活配置混合C,2021-09-07,3.4691,3.4691,3.09,-1.54,-0.27,33.83,68.69,140.08,273.42,354.67,49.98,246.91,2016-06-08,125.4118,0.00%
005634,汇安行业龙头混合,2021-09-07,2.5821,2.5821,2.71,-1.01,2.38,43.53,68.16,86.49,158.29,,53.56,158.21,2019-08-28,77.2209,1.50%
005821,万家新机遇龙头企业混合,2021-09-07,2.8271,3.1871,2.80,0.53,14.12,41.84,67.11,98.48,190.81,258.21,80.82,232.92,2018-05-25,92.6991,1.50%
000496,长安产业精选混合A,2021-09-07,2.3315,2.5715,3.41,-2.66,-3.21,37.93,66.52,97.57,86.19,117.51,53.08,190.95,2014-05-07,86.4927,1.50%
006233,万家汽车新趋势混合A,2021-09-07,3.1294,3.1294,0.84,-1.29,2.38,34.46,66.18,87.46,,,57.03,212.94,2019-10-23,84.7730,1.50%
002071,长安产业精选混合C,2021-09-07,2.2748,2.3248,3.40,-2.67,-3.25,37.75,66.10,96.60,84.31,113.58,52.56,130.07,2015-11-16,85.5847,
006234,万家汽车新趋势混合C,2021-09-07,3.1002,3.1002,0.84,-1.31,2.33,34.28,65.76,86.51,,,56.49,210.02,2019-10-23,83.8648,
398051,中海环保新能源混合,2021-09-07,3.0920,3.19,2.76,-1.15,0,42.40,65.61,127.96,257.50,301.13,51.94,222.11,2010-12-09,119.3326,1.50%
162202,泰达宏利周期混合,2021-09-07,3.9857,6.0307,3.27,-0.91,5.66,44.33,65.29,110.52,197.33,265.63,55.17,2052.46,2003-04-25,102.7571,1.50%
010412,汇安均衡优选混合,2021-09-07,1.3617,1.3617,2.84,-1.26,1.70,41.49,65.29,,,,,36.17,2021-02-09,29.12,1.50%
010805,东财新能源车A,2021-09-07,1.6113,1.6113,3.28,0.35,-2.65,33.54,65.24,,,,53.02,61.13,2020-12-16,49.64,1.20%
009913,中信保诚成长动力,2021-09-07,1.6183,1.6183,2.08,1.33,3.39,42.27,65.15,,,,51.90,61.83,2020-09-09,55.38,1.50%
010806,东财新能源车C,2021-09-07,1.6067,1.6067,3.28,0.34,-2.68,33.41,64.91,,,,52.61,60.67,2020-12-16,49.21,
003834,华夏能源革新股票A,2021-09-07,4.1330,4.1330,3.43,-2.36,3.17,29.76,64.33,166.47,312.89,410.88,52.90,313.30,2017-06-07,155.1257,1.50%
011102,天弘中证光伏产业指数A,2021-09-07,1.4603,1.4603,2.06,-3.50,6.58,59.11,64.21,,,,,46.03,2021-01-28,45.22,1.00%
011103,天弘中证光伏产业指数C,2021-09-07,1.4586,1.4586,2.06,-3.49,6.58,59.04,64.05,,,,,45.86,2021-01-28,45.05,
580006,东吴新经济混合A,2021-09-07,2.0931,2.4831,2.85,-4.68,-0.63,26.99,64.04,85.26,133.87,176.50,49.79,190.05,2009-12-30,78.1377,1.50%
398021,中海能源策略混合,2021-09-07,1.6132,1.9232,3.27,1.96,4.82,48.75,63.98,94.55,133.05,160.70,62.28,135.62,2007-03-13,86.2398,1.50%
005037,银华新能源新材料A,2021-09-07,2.4103,2.4103,2.49,-3.43,0.60,39.63,63.27,115.84,208.30,267.98,54.79,141.01,2017-09-15,107.6834,1.50%
005038,银华新能源新材料C,2021-09-07,2.3691,2.3691,2.48,-3.44,0.56,39.49,62.93,114.98,205.77,263.30,54.38,136.89,2017-09-15,106.8693,
550009,信诚中小盘混合,2021-09-07,5.5690,5.6990,2.47,-2.47,-2.14,37.40,61.70,93.17,241.24,325.76,57.05,529.24,2010-02-10,86.0909,1.50%
168401,红土创新转型精选灵(LOF),2021-09-07,3.1666,3.1666,1.57,1.23,-1.94,36.26,61.61,79.34,145.32,223.39,44.20,216.66,2016-12-30,74.5767,1.50%
519183,万家双引擎灵活配置混合,2021-09-07,3.0437,3.7337,5.09,0.37,25.57,43.34,61.50,64.56,105.52,121.88,50.34,436.57,2008-06-27,57.5151,1.50%
005296,南华丰淳混合A,2021-09-07,2.5050,2.5050,3.91,-3.06,-5.48,5.84,61.25,83.53,148.71,193.36,57.39,150.50,2017-12-26,73.9908,1.20%
005119,银华智荟内在价值灵活配置,2021-09-07,2.6637,2.6637,2.23,-3.14,3.19,34.69,61.11,96.76,173.23,263.55,50.44,166.37,2017-09-28,90.9809,1.50%
010008,中融成长优选混合A,2021-09-07,1.5898,1.5898,2.26,0.97,7.38,43.76,60.98,,,,50.78,58.98,2020-11-18,51.52,1.50%
005297,南华丰淳混合C,2021-09-07,2.4197,2.4197,3.91,-3.06,-5.52,5.74,60.97,82.85,146.81,187.48,57.01,141.97,2017-12-26,73.3545,
006250,上投摩根动力精选混合A,2021-09-07,3.7526,3.7526,3.39,-3.01,-0.90,37.30,60.86,119.01,236.50,,47.28,275.26,2019-01-29,112.8925,1.50%
001279,中海积极增利混合,2021-09-07,2.9320,2.9320,1.84,-4.03,-0.37,39.02,60.83,81.10,180.31,279.79,58.74,193.20,2015-05-20,76.7140,1.50%
010009,中融成长优选混合C,2021-09-07,1.5773,1.5773,2.26,0.95,7.32,43.47,60.34,,,,49.71,57.73,2020-11-18,50.35,
501057,汇添富中证新能源汽车A,2021-09-07,3.2115,3.2115,3.15,-0.42,-2.92,33.51,60.14,131.63,264.16,282.87,50.28,221.15,2018-05-23,115.8240,1.20%
005368,富国清洁能源产业混合A,2021-09-07,2.6901,2.6901,2.29,-3.82,4.16,43.22,60.08,95.70,,,47.61,168.98,2020-03-06,90.4190,1.50%
210008,金鹰策略配置混合,2021-09-07,3.6337,4.2337,3.07,-2.92,2.74,35.23,60.03,119.61,246.13,253.75,60.76,421.53,2011-09-01,110.5403,1.50%
165516,信诚周期轮动混合(LOF),2021-09-07,6.8020,7.9410,3.39,-0.44,7.97,29.61,60.01,101.38,247.80,371.72,50.62,874.89,2012-05-07,94.8118,1.50%
501058,汇添富中证新能源汽车C,2021-09-07,3.1815,3.1815,3.14,-0.43,-2.94,33.42,59.94,131.05,262.32,279.97,50.02,218.15,2018-05-23,115.2941,
000126,招商安润混合,2021-09-07,4.2287,4.5727,1.57,0.81,0.45,29.62,59.92,89.21,230.68,309.76,54.93,468.34,2013-04-19,80.9432,1.50%
007555,中航瑞明纯债A,2021-09-07,1.6356,1.6356,0,0.03,0.09,0.39,59.90,63.02,,,60.42,63.54,2020-04-10,62.9921,0.60%
011127,富国清洁能源产业混合C,2021-09-07,2.6805,2.6805,2.28,-3.83,4.11,43.01,59.61,,,,,44.91,2021-01-15,41.004433,
011328,景顺长城新能源产业股票A,2021-09-07,1.5766,1.5766,2.23,0.39,0.87,33.24,59.30,,,,,57.66,2021-02-22,51.06,1.50%
011329,景顺长城新能源产业股票C,2021-09-07,1.5758,1.5758,2.24,0.40,0.86,33.20,59.22,,,,,57.58,2021-02-22,50.98,
161028,富国中证新能源汽车指数(LOF)A,2021-09-07,1.5540,1.6440,3.26,0.39,-2.69,31.58,58.41,123.15,256.76,277.68,46.47,136.93,2015-03-30,107.3539,1.20%
003853,金鹰信息产业股票A,2021-09-07,4.4750,4.8115,2.92,-0.16,-1.24,26.80,58.15,103.99,231.33,388.63,45.43,397.06,2017-03-10,93.3709,1.20%
519702,交银趋势混合A,2021-09-07,4.4477,4.9477,1.39,0.44,12.86,36.06,58.11,62.56,178.85,269.72,66.27,546.02,2010-12-22,59.4042,1.50%
004784,招商稳健优选股票,2021-09-07,3.3396,3.3396,1.54,1,0.46,30.36,58.01,83.71,213.70,336.49,53.23,233.96,2017-09-20,75.9503,1.50%
006533,易方达科融混合,2021-09-07,3.3201,3.3201,1.78,-1.29,7.73,43.40,57.93,82.57,192.98,,58.99,232.01,2019-03-26,79.2301,1.50%
005977,中信保诚至兴混合A,2021-09-07,2.8611,2.8611,2.78,-0.14,5.25,41.54,57.91,102.47,175.29,185.45,53.53,186.11,2018-06-27,96.5395,1.50%
005885,金鹰信息产业股票C,2021-09-07,4.4662,4.7847,2.92,-0.17,-1.28,26.67,57.83,103.18,228.93,382.99,45.03,373.10,2018-04-18,92.6133,
001487,宝盈优势产业混合A,2021-09-07,3.6638,3.8138,1.05,1.09,5.38,31.18,57.72,86.74,180.11,295.23,89.05,317.50,2015-08-25,83.3843,1.50%
002666,前海开源沪港深创新成长混合A,2021-09-07,2.3730,2.4530,3.85,2.64,30.67,45.67,57.67,55.91,83.81,97.02,54.90,154.45,2016-06-24,48.3574,1.50%
008640,方正富邦科技创新A,2021-09-07,2.5813,2.5813,3.45,-3.01,-0.74,37.37,57.60,114.98,,,48.76,158.13,2020-01-21,102.9649,1.50%
002667,前海开源沪港深创新成长混合C,2021-09-07,2.34,2.42,3.86,2.63,30.73,45.61,57.58,55.69,83.39,96.40,54.76,151.04,2016-06-24,48.1038,1.50%
011188,信达澳银星奕混合A,2021-09-07,1.5290,1.5290,2.46,0.10,2.27,39.32,57.39,,,,,52.90,2021-01-22,46.89,1.50%
009067,国泰中证新能源汽车ETF联接A,2021-09-07,2.9050,2.9050,3.18,0.22,-2.54,30.49,57.36,121.93,,,46.85,190.50,2020-04-03,106.8373,1.00%
008641,方正富邦科技创新C,2021-09-07,2.5698,2.5698,3.45,-3.01,-0.77,37.27,57.35,114.44,,,48.45,156.98,2020-01-21,102.4533,
001471,融通新能源灵活配置混合,2021-09-07,3.1260,3.2460,2.73,-3.55,2.12,43.13,57.24,61.47,174.93,230.10,44.52,247.66,2015-06-29,56.9215,1.50%
005978,中信保诚至兴混合C,2021-09-07,2.7851,2.7851,2.78,-0.16,5.18,41.26,57.24,100.83,170.79,178.23,52.66,178.51,2018-06-27,94.9740,
001156,申万菱信新能源汽车混合,2021-09-07,2.9050,3.4950,3.23,-1.74,0.97,35.06,57.17,118.87,274.10,343.53,45.82,251.28,2015-05-07,108.8447,1.50%
009068,国泰中证新能源汽车ETF联接C,2021-09-07,2.8930,2.8930,3.17,0.22,-2.57,30.39,57.12,121.26,,,46.54,189.30,2020-04-03,106.2256,
011223,信达澳银星奕混合C,2021-09-07,1.5215,1.5215,2.46,0.09,2.21,39.05,56.76,,,,,52.15,2021-01-22,46.18,
010963,信达澳银周期动力混合,2021-09-07,1.5912,1.5912,1.29,5.37,21.12,44.21,56.69,,,,59.12,59.12,2020-12-30,54.41,1.50%
009855,中加新兴成长混合A,2021-09-07,1.7143,1.7143,2.91,-4.41,5.04,29.67,56.61,,,,52.54,71.43,2020-09-17,68.94,1.20%
009856,中加新兴成长混合C,2021-09-07,1.7061,1.7061,2.91,-4.41,5,29.54,56.29,,,,52.13,70.61,2020-09-17,68.13,
006281,万家人工智能混合,2021-09-07,3.4897,3.4897,3.17,-0.16,3.48,35.98,55.86,102.74,220.63,,55.21,248.97,2019-01-25,95.6138,1.50%
006348,银华盛利混合发起式,2021-09-07,3.8192,3.8192,2.39,-0.84,5.59,39.23,55.82,88.09,191.23,,52.63,281.92,2018-12-13,81.9650,1.50%
009511,信达澳银研究优选混合,2021-09-07,1.5633,1.5633,2.40,0.04,2.12,39.20,55.12,54.69,,,50.48,56.33,2020-06-22,48.7136,1.50%
519005,海富通股票混合,2021-09-07,1.6740,3.6230,2.70,-4.94,5.55,53.30,55,61.43,108.47,146.90,40.44,619.43,2005-07-29,58.3414,1.50%
001809,中信建投智信物联网A,2021-09-07,3.0763,3.0763,2.30,-4.73,7.08,46.74,54.85,73.47,169.19,243.41,47.94,207.63,2016-08-03,69.7643,1.50%
008009,华商高端装备制造股票,2021-09-07,2.7899,2.7899,2,-0.80,0.31,39.18,54.80,89.62,,,45.92,178.99,2019-12-10,82.3014,1.50%
008085,海富通先进制造股票A,2021-09-07,1.6279,1.6279,2.48,-6.17,5.03,56.77,54.74,59.61,,,36.01,62.79,2019-12-17,56.8781,1.50%
001532,华安文体健康混合A,2021-09-07,4.1390,4.1390,2.73,2.02,8.07,29.38,54.61,99.28,224.63,329.36,65.03,313.90,2017-06-08,91.9596,1.50%
160421,华安智增精选混合,2021-09-07,3.1009,3.1009,1.49,-3.81,0.96,38.39,54.57,87.51,150.50,269.42,51.26,210.09,2016-09-13,80.2141,1.50%
001675,江信同福A,2021-09-07,1.8116,1.8501,1.43,-4.50,-0.69,33.09,54.55,60.11,70.15,117.66,43.09,88.14,2015-08-28,55.2983,0.50%
004636,中信建投智信物联网C,2021-09-07,3.1724,3.1724,2.30,-4.73,7.03,46.59,54.53,72.78,167.06,239.40,47.54,217.24,2017-05-10,69.1030,
008084,海富通先进制造股票C,2021-09-07,1.6168,1.6168,2.48,-6.18,4.99,56.61,54.44,58.98,,,35.64,61.68,2019-12-17,56.2635,
168203,中融国证钢铁行业指数(LOF),2021-09-07,1.7230,1.7230,4.36,2.93,24.58,47.90,54.39,95.92,106.98,53.67,85.27,-26.14,2015-06-19,86.8237,
502023,鹏华国证钢铁行业指数(LOF)A,2021-09-07,2.3870,1.6170,4.46,2.93,24.26,45.73,54.30,96.30,112.66,84.37,82.35,70.28,2015-08-13,86.8421,1.20%
001676,江信同福C,2021-09-07,1.7591,1.7926,1.42,-4.51,-0.73,32.93,54.16,59.31,68.38,114.60,42.59,81.80,2015-08-28,54.5282,
009025,海富通科技创新混合A,2021-09-07,1.6474,1.6474,2.85,-5.40,6.26,53.09,54.09,62.75,,,38.32,64.74,2020-03-10,59.3460,1.50%
160634,鹏华中证环保产业指数(LOF),2021-09-07,1.7440,1.2460,2.59,0.11,3.13,39.97,54.06,84.19,138.21,149.47,48.81,32.88,2015-06-16,77.5345,1.20%
163114,申万菱信中证环保产业指数(LOF)A,2021-09-07,1.7965,3.0282,2.60,0.16,3.09,38.53,53.85,82.31,155.43,175.78,50.18,162.12,2014-05-30,75.6475,1.20%
002601,中银证券价值精选混合,2021-09-07,1.9393,1.9393,4.39,4.52,23.24,47.24,53.78,57.12,83.42,90.82,50.80,93.93,2016-04-29,48.1325,1.50%
003857,前海开源周期优选混合A,2021-09-07,3.0894,3.0894,4.42,2.83,20.14,39.37,53.75,76.81,182.32,254.78,51.21,208.94,2017-01-25,67.8533,1.50%
003858,前海开源周期优选混合C,2021-09-07,3.0608,3.0608,4.42,2.83,20.14,39.34,53.64,76.59,181.71,253.65,51.08,206.08,2017-01-25,67.6455,1.50%
010419,申万菱信中证环保产业指数(LOF)C,2021-09-07,1.7473,1.7473,2.60,0.15,3.06,38.42,53.61,,,,49.87,74.73,2020-10-23,68.35,
006128,银河和美生活混合,2021-09-07,2.1976,2.1976,0.94,-4.47,-6.40,38.65,53.56,72.02,87.80,,38.82,119.76,2018-11-22,65.8082,1.50%
009024,海富通科技创新混合C,2021-09-07,1.6279,1.6279,2.85,-5.42,6.19,52.78,53.47,61.47,,,37.57,62.79,2020-03-10,58.0936,
000409,鹏华环保产业股票,2021-09-07,5.8940,5.8940,2.56,-3.01,0.63,38.39,53.41,99.39,245.69,304.81,41.38,489.40,2014-03-07,93.6401,1.50%
519918,华夏兴和混合,2021-09-07,4.1290,6.2530,0.90,-6.22,-2.94,22.74,53.32,87.17,174.35,224.61,49.87,312.90,2014-05-30,81.8676,1.50%
007484,信达澳银核心科技混合,2021-09-07,2.6686,2.6686,2.44,-0.10,2.77,36.32,53.18,55.16,161.83,,47.26,166.86,2019-08-14,49.1308,1.50%
006265,红土创新新科技股票,2021-09-07,4.5476,4.5976,2.70,-6.94,-3.64,33.68,53.16,106.84,231.17,,41.68,361.68,2018-09-14,103.5607,1.50%
001753,红土创新新兴产业混合,2021-09-07,2.1450,2.1450,2.78,-6.82,-5.21,35.85,53.10,111.96,147.69,173.60,42.62,114.50,2015-09-23,108.5968,1.50%
000061,华夏盛世混合,2021-09-07,1.6630,1.6630,1.71,1.03,3.42,28.52,52.85,65.14,149.33,173.07,51.04,66.30,2009-12-11,61.5690,1.50%
006132,万家智造优势混合A,2021-09-07,3.2588,3.7987,0.96,-0.89,4.61,25.78,52.79,66.50,180.51,279.41,46.92,279.41,2018-08-28,63.9373,1.50%
008189,国泰中证钢铁ETF联接A,2021-09-07,2.1404,2.1404,4.58,3.64,26,43.49,52.75,91.11,,,80.76,114.04,2020-01-20,82.3125,1.00%
040005,华安宏利混合,2021-09-07,10.9510,11.5710,1.47,-3.56,0.15,37.38,52.72,72.45,113.79,225.29,48.16,1291.52,2006-09-06,65.0147,1.50%
000603,易方达创新驱动灵活配置混合,2021-09-07,2.4730,2.4730,1.52,-3.44,2.87,55.34,52.65,86.92,165.63,220.75,47.64,147.30,2015-02-13,83.9758,1.50%
001951,金鹰改革红利混合,2021-09-07,3.6330,3.6330,3.50,-2.60,1.37,30.45,52.65,152.99,235.77,286.90,65.14,263.30,2015-12-02,140.5989,1.50%
000729,建信中小盘先锋股票,2021-09-07,3.9480,3.9480,2.41,1.65,19.02,37.95,52.61,84.74,191.37,221.50,56.29,294.80,2014-08-20,79.6444,1.50%
008190,国泰中证钢铁ETF联接C,2021-09-07,2.1302,2.1302,4.58,3.63,25.97,43.38,52.52,90.54,,,80.40,113.02,2020-01-20,81.7710,
006133,万家智造优势混合C,2021-09-07,3.1825,3.7099,0.96,-0.90,4.56,25.62,52.40,65.67,177.70,270.58,46.43,270.54,2018-08-28,63.1299,
001410,信达澳银新能源产业股票,2021-09-07,5.4460,5.5080,2.46,-0.22,2.25,37.35,52.34,58.04,175.05,323.15,47.59,470.15,2015-07-31,51.8282,1.50%
006257,信达澳银先进智造股票型,2021-09-07,3.3340,3.3340,2.39,-0.18,2.34,36.85,52.34,56.12,171.96,,47.37,233.40,2019-01-17,50.1358,1.50%
005352,鹏扬景泰成长混合A,2021-09-07,2.9711,2.9711,2.96,-3.28,5.82,32.86,52.28,100.84,180.98,248.88,44.72,197.11,2017-12-20,94.0174,1.20%
540008,汇丰晋信低碳先锋股票,2021-09-07,4.6324,4.7324,3.24,-0.48,5.47,29.80,52.12,133.05,338.63,335.79,47.06,405.16,2010-06-08,121.4369,1.50%
005412,金信民长混合A,2021-09-07,2.1344,2.1344,1.16,0.61,-5.31,18.56,52.09,78.25,,,50.70,113.44,2020-05-21,77.3175,0.80%
005413,金信民长混合C,2021-09-07,2.0285,2.0285,1.16,0.61,-5.32,18.53,52.02,78.09,,,50.62,102.85,2020-05-21,77.1554,
005353,鹏扬景泰成长混合C,2021-09-07,2.9264,2.9264,2.96,-3.28,5.78,32.72,51.97,100.03,178.70,244.73,44.34,192.64,2017-12-20,93.2331,
005983,上投摩根核心精选,2021-09-07,3.4043,3.4043,2.90,-3.80,3.61,43.46,51.92,80.07,184.74,,72.99,240.43,2018-11-29,75.9535,1.50%
164905,交银新能源指数(LOF),2021-09-07,1.6011,1.6816,2.10,-2.11,-1.46,37.17,51.91,89.25,157.34,181.52,41.38,68.16,2015-03-26,81.9735,1.20%
001339,兴银鼎新灵活配置混合,2021-09-07,2.3690,2.4260,2.16,-5.95,5.20,42.54,51.66,63.94,156.94,165.58,46.96,149.77,2015-05-25,61.2456,0.50%
164304,新华中证环保产业指数,2021-09-07,1.6740,1.6740,2.65,0.31,3.39,38.19,51.52,82.51,134.37,143,47.62,92.15,2014-09-11,75.7482,1.00%
519113,浦银安盛精致生活混合,2021-09-07,4.57,4.63,3.37,-2.45,4.34,23.95,51.42,77.06,145.43,211.10,46.99,381.84,2009-06-04,71.2514,1.50%
090018,大成新锐产业混合,2021-09-07,6.4560,6.9560,2.80,3.25,19.36,36.09,51.30,94.75,247.47,341.29,78.94,789.66,2012-03-20,85.9729,1.50%
001811,中欧明睿新常态混合A,2021-09-07,3.5780,3.8290,3.44,-3.69,0.42,30.49,51.16,88.61,172.13,268.70,52.78,338.56,2016-03-03,80.8645,1.50%
007163,浦银安盛环保新能源A,2021-09-07,2.7620,2.7620,2.87,-2.97,0.19,41.52,51.09,98.11,168.99,,43.08,176.20,2019-07-09,91.8089,1.50%
001300,大成睿景灵活配置混合A,2021-09-07,2.5270,2.5270,2.72,2.39,21.14,36.15,51.05,85.26,224.81,321.87,75.24,152.70,2015-05-26,77.4194,1.50%
001606,农银工业4.0混合,2021-09-07,4.9363,4.9363,3.44,-0.44,-0.24,33.71,50.88,110.13,299.44,364.20,41.23,393.63,2015-08-13,97.0458,1.50%
011142,创金合信新材料新能源股票A,2021-09-07,1.4998,1.4998,3.17,-2.20,1,36.56,50.85,,,,49.88,49.98,2020-12-30,42.72,1.50%
007164,浦银安盛环保新能源C,2021-09-07,2.7319,2.7319,2.87,-2.97,0.16,41.40,50.83,97.41,166.66,,42.74,173.19,2019-07-09,91.1338,
005765,中欧明睿新常态混合C,2021-09-07,3.5120,3.6790,3.42,-3.73,0.31,30.22,50.54,87.11,167.74,259.66,51.90,228.92,2018-03-14,79.4886,
005299,万家成长优选混合A,2021-09-07,3.4342,3.4342,0.62,-0.58,2.52,21.36,50.45,72.68,200.06,302.74,47.09,243.42,2018-02-01,70.6305,1.50%
001301,大成睿景灵活配置混合C,2021-09-07,2.4010,2.4010,2.69,2.39,21.08,35.88,50.44,83.84,219.71,311.84,74.36,140.10,2015-05-26,76.0337,
011143,创金合信新材料新能源股票C,2021-09-07,1.4936,1.4936,3.16,-2.21,0.95,36.34,50.38,,,,49.26,49.36,2020-12-30,42.14,
001411,诺安创新驱动混合A,2021-09-07,1.6750,1.79,2.38,2.95,5.74,35.85,50.36,65.68,65.91,76.39,53.81,87.21,2015-06-18,58.5559,1.50%
005855,中科沃土沃瑞混合A,2021-09-07,3.2584,3.2584,2.03,2.73,3.35,26.09,50.32,73.18,174.88,,46.01,225.84,2019-01-14,68.6314,1.50%
002051,诺安创新驱动混合C,2021-09-07,1.6610,1.7760,2.40,2.91,5.80,35.81,50.18,65.27,65.35,75.67,53.65,83.89,2015-11-18,58.2090,1.50%
240022,华宝资源优选混合A,2021-09-07,3.9520,4.0610,2.41,-1.35,12.15,31.95,50.09,99.80,166.67,221.56,59.74,325.73,2012-08-21,92.2143,1.50%
005300,万家成长优选混合C,2021-09-07,3.3704,3.3704,0.62,-0.58,2.47,21.21,50.08,71.84,197.03,296.75,46.60,237.04,2018-02-01,69.8073,
006051,鹏扬核心价值灵活配置A,2021-09-07,2.9860,2.9860,2.99,-3.41,5.21,30.71,50.04,95.84,175.46,,43.04,198.60,2019-01-29,88.9946,1.50%
519120,浦银安盛新兴产业混合,2021-09-07,4.9510,4.9510,3.32,-2.85,3.51,23.71,50.03,75.88,136.89,193.65,46.70,395.10,2013-03-25,70.5151,1.50%
004223,金信多策略精选灵活配置,2021-09-07,1.9909,2.5172,1.92,-4.38,-4.21,34.69,49.93,70.92,90.83,97.18,50.89,202.59,2017-06-08,66.5092,1.50%
290014,泰信现代服务业混合,2021-09-07,3.4240,3.4840,3.95,-1.15,8.84,54.23,49.91,40.62,105.52,144.92,41.55,259.09,2013-02-07,35.1130,1.50%
001323,东吴移动互联混合A,2021-09-07,2.3356,2.3356,2.20,-2.53,-0.84,32.12,49.83,70.56,142.53,155.26,40.03,133.56,2015-05-27,62.6187,1.50%
011068,华宝资源优选混合C,2021-09-07,3.9430,3.9430,2.39,-1.35,12.11,31.83,49.81,,,,59.38,64.77,2020-12-23,58.50397,0.00%
003304,前海开源沪港深核心资源混合A,2021-09-07,2.9840,3.0140,1.22,-0.17,7.65,33.51,49.80,48.68,122.85,231.44,58.05,206.25,2016-10-17,46.3378,1.50%
006052,鹏扬核心价值灵活配置C,2021-09-07,2.9517,2.9517,2.99,-3.42,5.17,30.58,49.74,95.06,173.15,,42.65,195.17,2019-01-29,88.2567,
160225,国泰国证新能源汽车指数,2021-09-07,2.4293,2.4293,3.59,-0.50,-1.30,27.80,49.73,107.23,204.88,216.07,39.34,140.49,2015-08-27,94.4639,1.20%
003305,前海开源沪港深核心资源混合C,2021-09-07,2.9670,2.9970,1.23,-0.17,7.66,33.47,49.70,48.50,122.41,230.29,57.90,204.53,2016-10-17,46.1461,1.50%
002170,东吴移动互联混合C,2021-09-07,2.33,2.33,2.19,-2.54,-0.86,32.06,49.70,70.16,144.49,156.89,39.87,130.46,2015-11-26,62.2507,
005856,中科沃土沃瑞混合C,2021-09-07,3.2133,3.2133,2.03,2.70,3.06,25.84,49.69,72.01,172.45,,45.26,221.33,2019-01-14,67.5124,
009968,金鹰内需成长混合A,2021-09-07,1.5270,1.6793,2.87,-3.24,1.35,35.06,49.49,71.02,,,53.09,72.27,2020-08-20,65.2631,1.50%
006049,恒越研究精选混合A/B,2021-09-07,3.1473,3.1473,1.97,-0.27,-0.57,17.59,49.33,88.37,194.94,219.07,49.29,214.73,2018-07-04,83.3732,1.50%
160620,鹏华中证A股资源产业指数(LOF)A,2021-09-07,2.03,1.43,2.68,0.59,19.55,38,49.26,77.91,100.53,114.64,60.09,52.48,2012-09-27,71.6039,1.20%
007192,恒越研究精选混合C,2021-09-07,3.1331,3.1331,1.97,-0.28,-0.59,17.52,49.18,87.99,193.31,,49.08,173.30,2019-04-10,83.0134,
010792,华安成长先锋混合A,2021-09-07,1.4757,1.4757,1.66,-1.43,5.45,36.15,48.94,,,,,47.57,2021-02-23,43.84,1.50%
009969,金鹰内需成长混合C,2021-09-07,1.5159,1.6662,2.86,-3.25,1.28,34.79,48.89,69.66,,,52.26,70.83,2020-08-20,63.9638,
005009,申万菱信行业轮动股票,2021-09-07,2.3601,2.3601,2.82,-1.85,2.22,41.30,48.80,79.12,170.65,231.47,41.92,135.99,2017-09-29,71.6530,1.50%
010587,鹏扬先进制造混合A,2021-09-07,1.4442,1.4442,3.50,-3.88,4.29,33.09,48.72,,,,,44.42,2021-02-02,38.62,1.50%
010282,中信建投智享生活混合A,2021-09-07,1.4222,1.4222,2.44,-4.13,8.52,40.31,48.55,,,,41.79,42.22,2020-11-04,39.19,1.50%
001064,广发中证环保ETF联接A,2021-09-07,1.3007,1.3007,2.56,0.15,2.58,36.34,48.53,77.74,130.01,141.68,43.34,30.07,2015-03-25,71.3720,1.20%
010793,华安成长先锋混合C,2021-09-07,1.4710,1.4710,1.66,-1.44,5.40,35.95,48.48,,,,,47.10,2021-02-23,43.38,
002984,广发中证环保ETF联接C,2021-09-07,1.2850,1.2850,2.56,0.15,2.56,36.27,48.38,77.39,129.10,140.23,43.14,71.01,2016-07-06,71.0381,
002272,新华科技创新主题灵活配置混合,2021-09-07,2.2289,2.2289,2.40,-1.30,-4.01,27.49,48.32,80.33,155.32,166.61,34.19,122.89,2016-03-22,70.8900,1.50%
010283,中信建投智享生活混合C,2021-09-07,1.4175,1.4175,2.45,-4.13,8.48,40.19,48.26,,,,41.42,41.75,2020-11-04,38.72,
010588,鹏扬先进制造混合C,2021-09-07,1.4374,1.4374,3.51,-3.89,4.21,32.83,48.12,,,,,43.74,2021-02-02,37.98,
160805,长盛同智优势混合(LOF),2021-09-07,1.6616,3.2922,2,-2.84,-2.77,32.81,48.07,62.47,120.61,145.98,37.66,213.90,2007-01-05,56.1533,1.50%
004812,中欧先进制造股票A,2021-09-07,3.6855,3.6855,1.82,-4.96,-2.65,35.43,47.93,108.92,263.71,343.24,36.52,268.55,2018-01-19,103.6166,1.50%
007306,华泰柏瑞基本面智选A,2021-09-07,3.2253,3.2253,3.45,-1.06,-0.61,17.11,47.79,77.60,181.15,,33.27,222.53,2019-06-05,69.3337,1.50%
257060,国联安上证商品ETF联接,2021-09-07,1.2388,1.2388,3.65,1.14,18.85,37.72,47.69,83.09,131.08,134.80,58.45,23.88,2010-12-01,75.3769,1.50%
008638,广发科技创新混合,2021-09-07,2.2104,2.2104,2.27,-1.17,9.33,38.98,47.63,73.39,,,62.96,121.04,2019-12-25,68.3950,1.50%
007307,华泰柏瑞基本面智选C,2021-09-07,3.1938,3.1938,3.45,-1.07,-0.63,17.03,47.60,77.17,179.37,,33.04,219.38,2019-06-05,68.9244,
000739,平安新鑫先锋A,2021-09-07,3.0840,3.0840,2.77,-0.39,12.27,47.28,47.56,79.83,185.03,219.25,51.70,208.40,2015-01-29,76.1516,1.20%
000336,农银研究精选混合,2021-09-07,5.2508,5.2508,3.37,-0.47,-0.08,32.57,47.52,101.70,303.75,361.89,43.08,425.08,2013-11-05,89.4557,1.50%
006123,中融高股息混合A,2021-09-07,2.2192,2.2812,2.87,-1.36,14.22,41.97,47.36,55.30,,,55.86,133.12,2019-09-26,52.8411,1.50%
004813,中欧先进制造股票C,2021-09-07,3.6555,3.6555,1.81,-4.97,-2.71,35.16,47.33,107.27,260.11,341.22,35.78,265.55,2018-01-19,102.0356,
001515,平安新鑫先锋C,2021-09-07,2.9940,2.9940,2.78,-0.40,12.22,47.13,47.20,79.17,182.72,216.16,51.29,68.87,2015-06-16,75.5237,
007556,中航瑞明纯债C,2021-09-07,1.5045,1.5045,0,0.03,0.08,0.37,47.20,50,,,47.60,50.43,2020-04-10,49.9700,
006081,海富通电子传媒股票A,2021-09-07,3.2709,3.2709,1.08,-2.72,-4.18,35.55,47.17,65.44,148.08,,44.10,227.09,2018-12-26,62.2983,1.50%
004671,中融核心成长,2021-09-07,2.0954,2.0954,2.24,0.84,7.02,43.64,47.13,88.57,149.63,180.58,35.83,109.54,2017-09-29,79.8866,1.50%
000696,汇添富环保行业股票,2021-09-07,3.0470,3.0470,2.90,-1.39,-3.05,26.91,46.91,90.80,189.91,206.85,36.15,204.70,2014-09-16,80.3381,1.50%
006124,中融高股息混合C,2021-09-07,2.1654,2.2274,2.86,-1.38,14.14,41.70,46.76,54.03,,,54.97,127.61,2019-09-26,51.6077,
009368,浦银安盛价值精选混合A,2021-09-07,1.6983,1.6983,3.20,0.31,7.20,29.28,46.76,68.23,,,45.94,69.83,2020-07-22,,1.50%
290008,泰信发展主题混合,2021-09-07,3.0040,3.4430,4.27,-3.75,-0.56,28.98,46.75,60.73,134.14,192.22,36.67,307.76,2010-12-15,54.8422,1.50%
519115,浦银安盛红利精选混合,2021-09-07,4.5170,4.5170,2.85,-1.53,2.43,30.81,46.66,71.36,133.20,222.18,44.82,351.70,2009-12-03,64.8710,1.50%
006080,海富通电子传媒股票C,2021-09-07,3.1722,3.1722,1.07,-2.74,-4.25,35.28,46.57,64.12,144.77,,43.32,217.22,2018-12-26,61.0203,
519170,浦银安盛增长动力混合,2021-09-07,1.4150,1.4150,3.44,-3.08,2.91,26.34,46.48,60.61,99.30,152.23,40.66,41.50,2015-03-12,55.3916,1.50%
009369,浦银安盛价值精选混合C,2021-09-07,1.6908,1.6908,3.20,0.31,7.17,29.16,46.47,67.57,,,45.55,69.08,2020-07-22,,
377530,上投摩根行业轮动混合A,2021-09-07,4.8840,5.2390,3.28,-0.63,4.65,27.42,46.45,62.91,166.74,230.89,43.82,478.05,2010-01-28,56.9713,1.50%
007497,中庚价值灵动灵活配置混合,2021-09-07,2.2084,2.2084,2.15,4.77,14.43,35.74,46.38,42.91,108.12,,49.19,120.84,2019-07-16,38.0315,1.50%
002943,广发多因子混合,2021-09-07,3.6906,3.9309,2.28,7.34,16.14,22.95,46.32,111.33,214.08,311.82,82.13,317.91,2016-12-30,102.7880,1.50%
010701,恒越内需驱动混合A,2021-09-07,1.3412,1.3412,1.92,0.42,0.88,14.82,46.26,,,,,34.12,2021-01-04,30.58,1.50%
001877,宝盈国家安全沪港深股票,2021-09-07,1.7460,1.7460,1.04,1.16,6.40,30.98,46.11,48.72,94.65,121.01,55.06,74.60,2016-01-20,46.9336,1.50%
673060,西部利得景瑞灵活配置混合A,2021-09-07,2.9640,3.0590,2.24,0.95,0.85,31.09,45.87,73.74,137.61,298.89,44.09,219.11,2016-08-25,67.7022,0.60%
010363,信达澳银匠心臻选两年持有期混合,2021-09-07,1.6095,1.6095,1.99,1.08,9.65,32.75,45.72,,,,45.83,60.95,2020-10-30,55.01,1.50%
005825,申万菱信智能驱动股票,2021-09-07,3.8286,3.8286,1.09,-1.62,1.95,27.26,45.67,64.69,186.12,292.23,38.33,282.86,2018-06-13,60.8827,1.50%
010702,恒越内需驱动混合C,2021-09-07,1.3340,1.3340,1.92,0.40,0.80,14.59,45.66,,,,,33.40,2021-01-04,29.89,
008980,中邮科技创新精选混合A,2021-09-07,2.1183,2.1183,1.61,-1.57,0.93,34.88,45.63,60.55,,,32.55,111.83,2020-02-27,55.5101,1.20%
009258,西部利得景瑞灵活配置混合C,2021-09-07,2.9490,3.0440,2.22,0.96,0.82,30.95,45.56,73.06,,,43.64,134.61,2020-04-07,67.0774,
008981,中邮科技创新精选混合C,2021-09-07,2.1086,2.1086,1.61,-1.58,0.90,34.78,45.40,60.07,,,32.28,110.86,2020-02-27,55.0520,
000584,新华鑫益灵活配置混合,2021-09-07,6.4633,6.4633,0.86,0.36,2.38,35.55,45.39,67.27,175.03,239.46,38.58,546.33,2014-04-16,62.7226,
004423,华商研究精选灵活配置,2021-09-07,3.3240,3.3240,2.31,-1.92,1.40,36.29,45.34,46.50,127.67,202.46,34.96,232.40,2017-05-24,42.0890,1.50%
160221,国泰国证有色金属行业指数(LOF),2021-09-07,1.7576,1.2451,2.22,-4.38,9.26,35.18,45.33,94.47,130.71,142.72,59.41,33.26,2015-03-30,88.3048,
001537,中加改革红利混合,2021-09-07,2.0257,2.0857,1.51,-4.42,0.01,27.78,45.33,59.14,110.16,147.43,45.23,114.02,2015-08-13,57.3179,1.50%
002669,华商万众创新混合,2021-09-07,3.0990,3.0990,3.44,-2.67,5.12,28.86,45.29,67.24,231.44,346.54,36.22,209.90,2016-06-28,60.7663,1.50%
519095,新华行业周期轮换混合,2021-09-07,5.2914,6.1914,2.17,-0.75,-2.44,24.62,44.99,88.31,186.95,252.06,34.98,610.42,2010-07-21,78.8719,1.50%
161217,国投瑞银中证资源指数,2021-09-07,1.4350,1.4350,2.35,-1.58,13.89,33.61,44.95,94.44,127.42,131.08,62.33,43.50,2011-07-21,87.6694,1.20%
050024,博时上证自然资源ETF联接,2021-09-07,1.1946,1.1946,3.02,-0.19,16.33,36.01,44.69,83.11,91.69,90.74,58.96,19.46,2012-04-10,76.0270,1.20%
165520,信诚中证800有色指数(LOF)A,2021-09-07,2.1221,1.9219,2.25,-4.55,10.07,34.74,44.56,104.42,153.45,168.14,63.62,131.25,2013-08-30,98.2818,1.20%
010826,大成产业趋势混合A,2021-09-07,1.3884,1.3884,2.46,2.72,21.73,38.95,44.53,,,,,38.84,2021-02-09,32.85,1.50%
005708,国联安远见成长混合,2021-09-07,3.0955,3.0955,2.39,-3.78,5.85,27.71,44.48,66.59,162.29,208.87,32.40,209.55,2018-05-15,60.9978,1.50%
200015,长城优化升级混合A,2021-09-07,5.1350,5.25,2.27,-2.08,6.46,36.41,44.46,60.79,155.31,211.51,46.05,474.64,2012-04-20,58.3385,1.50%
000039,农银高增长混合,2021-09-07,4.2964,4.2964,2.37,-2.07,-0.39,34.60,44.45,42.43,122.28,158.54,29.25,329.64,2013-03-26,35.8483,1.50%
005571,中银证券新能源混合A,2021-09-07,2.5525,2.5525,3.97,5.43,7.82,22.49,44.40,70.01,135.04,155.02,36.48,155.25,2018-08-02,61.2095,1.50%
009853,中加优势企业混合A,2021-09-07,1.7420,1.7420,3.21,-3.47,9.86,21.98,44.38,67.53,,,39.02,74.20,2020-08-13,,1.50%
001128,宝盈新兴产业混合A,2021-09-07,1.2250,1.2250,1.09,1.02,7.01,31.16,44.29,37.80,100.49,149.49,33.73,22.50,2015-04-13,35.2306,1.50%
519126,浦银安盛新经济结构混合A,2021-09-07,4.0472,4.0472,3.13,0.04,7.97,27.23,44.23,80.52,198.03,279.31,47.60,304.72,2014-05-20,74.7591,1.50%
005572,中银证券新能源混合C,2021-09-07,2.5257,2.5257,3.97,5.42,7.79,22.38,44.14,69.41,133.41,152.39,36.15,152.57,2018-08-02,60.6479,
001702,东方创新科技混合,2021-09-07,2.9893,2.9893,2.94,-1.04,6.35,37.06,44.13,79.18,199.68,298.73,35.61,198.93,2015-09-08,72.4210,1.50%
410001,华富竞争力优选混合,2021-09-07,1.9619,4.3353,2.19,0.39,4.29,30.51,44.03,35.88,74.34,116.76,34.82,574.08,2005-03-02,32.4145,1.50%
010827,大成产业趋势混合C,2021-09-07,1.3822,1.3822,2.45,2.70,21.66,38.69,43.96,,,,,38.22,2021-02-09,32.27,
161715,招商大宗商品(LOF),2021-09-07,1.7927,1.9312,3.06,1.46,18.37,32.72,43.83,73.80,100.50,120.31,59.08,108.67,2012-06-28,67.6199,1.20%
004139,中邮军民融合灵活配置混合,2021-09-07,2.2885,2.2885,1.60,-3.38,2.40,34.93,43.82,60.75,143.25,167.35,26.51,128.85,2017-04-01,55.9848,1.50%
009854,中加优势企业混合C,2021-09-07,1.7230,1.7230,3.22,-3.48,9.79,21.74,43.81,65.78,,,38.27,72.30,2020-08-13,,
519908,华夏兴华混合A,2021-09-07,4.0350,8.5810,2.15,-5.37,1.71,26.05,43.75,76.28,145.29,174.12,30.41,303.50,2013-04-12,71.3412,1.50%
519997,长信银利精选混合,2021-09-07,1.5578,4.2564,3.80,2.10,17.21,33.80,43.59,64,139.87,186.74,51.97,1147.16,2005-01-17,56.4452,1.50%
006299,恒越核心精选混合A,2021-09-07,3.0314,3.0314,1.94,0.27,-0.55,13.68,43.59,79.76,190.45,,42.57,203.14,2018-11-15,74.5493,1.50%
007193,恒越核心精选混合C,2021-09-07,3.0342,3.0342,1.94,0.27,-0.56,13.63,43.44,79.40,189.11,,42.38,170.55,2019-04-10,74.2032,
004890,中邮健康文娱混合,2021-09-07,2.8657,2.8657,1.05,-4.99,-3.09,27.75,43.23,63.88,163.63,214.57,32.15,186.57,2017-12-13,60.2276,1.50%
582003,东吴配置优化混合A,2021-09-07,2.5802,2.8042,3.53,0.49,21.99,38.92,43.13,71.76,128.15,155.64,53.67,207.76,2012-08-13,67.3212,1.50%
004895,华商鑫安灵活混合,2021-09-07,2.6020,2.7280,3.29,-2.98,3.91,26.62,43.12,61.92,221.50,240.59,32.96,192.56,2017-09-06,56.0672,1.50%
004332,恒生沪港深新兴产业精选混合,2021-09-07,2.3115,2.3115,2.77,-3.61,-0.45,33.43,43.08,60.16,120.04,146.24,36.32,131.15,2017-04-01,55.5086,1.50%
001856,易方达环保主题混合,2021-09-07,4.4910,4.4910,2.09,0.81,8.11,44.59,42.84,86.12,224.03,375.24,44.03,349.10,2017-06-02,82.8015,1.50%
003501,泰达睿智稳健灵活配置混合,2021-09-07,1.5771,1.7772,2.14,3.41,5.37,28.69,42.82,56.51,95.33,120.48,39.51,82.91,2016-11-23,50.1250,1.50%
620002,金元顺安成长动力混合,2021-09-07,1.5770,2.05,2.14,-3.37,4.51,30.76,42.78,50.18,84.68,129.10,33.81,133.14,2008-09-03,47.1326,1.50%
001322,东吴新趋势价值线混合,2021-09-07,1.3196,1.3196,1.72,-2.36,-1.12,27.63,42.64,62.29,138.63,159.25,32.81,31.96,2015-07-01,55.3683,1.50%
630011,华商主题精选混合,2021-09-07,2.8680,3.7680,2.43,-1.65,2.28,34.90,42.54,40.80,111.50,172.11,31.86,334.07,2012-05-31,36.2297,1.50%
009062,财通智慧成长混合A,2021-09-07,1.8310,1.8310,3.53,-1.29,19.94,39.91,42.49,63.88,,,51.30,83.10,2020-04-03,61.7381,1.50%
690008,民生中证内地资源主题指数A,2021-09-07,1.2010,1.2010,2.39,-2.20,13.20,31.98,42.47,87.66,90.33,88.54,58.23,20.10,2012-03-08,81.2500,1.20%
008961,华商科技创新混合,2021-09-07,1.8726,1.8726,2.15,-2.59,0.20,34.95,42.40,52.06,,,30.69,87.26,2020-03-06,47.3731,1.50%
001751,华商信用增强债券A,2021-09-07,1.5420,1.5420,2.25,2.80,10.86,30.02,42.38,63.87,72.68,78.06,44.65,54.20,2015-09-08,59.0861,0.80%
002345,华夏高端制造混合,2021-09-07,2.0610,2.0610,1.73,-5.46,-0.77,32.97,42.33,84.02,170.47,227.14,30.61,106.10,2016-05-11,80.7143,1.50%
000462,农银主题轮动混合,2021-09-07,3.1968,3.1968,2.28,-2.16,-0.23,34.34,42.22,48.33,164,237.54,31.33,219.68,2015-04-10,41.6620,1.50%
001643,汇丰晋信智造先锋股票A,2021-09-07,4.2517,4.2517,2.28,-0.45,0.92,20.69,42.20,116.77,303.92,399.32,40.64,325.04,2015-09-30,107.0103,1.50%
001752,华商信用增强债券C,2021-09-07,1.5050,1.5050,2.24,2.80,10.82,29.85,42.12,63.23,71.41,76.02,44.30,50.50,2015-09-08,58.4599,
200001,长城久恒灵活配置混合,2021-09-07,2.8888,4.3308,1.61,-4.51,-2.24,34.06,41.99,43.03,98.54,146.06,30.63,774.12,2003-10-31,40.6348,1.20%
001858,建信鑫利灵活配置混合,2021-09-07,3.0656,3.0656,2.06,-0.98,2.58,28.33,41.99,92.08,204.07,245.46,36.46,206.56,2015-10-29,87.3371,1.50%
000541,华商创新成长混合发起式,2021-09-07,3.7970,4.0520,3.32,-3.04,3.43,25.94,41.94,59.27,189.85,295.52,32.12,362.35,2014-03-18,53.4816,1.50%
004432,南方有色金属ETF联接A,2021-09-07,1.5587,1.5587,2.28,-4.95,9.15,32.87,41.93,87.34,124.11,139.98,53.95,55.87,2017-09-08,81.4183,1.20%
009063,财通智慧成长混合C,2021-09-07,1.8103,1.8103,3.53,-1.31,19.86,39.64,41.92,62.58,,,50.48,81.03,2020-04-03,60.4670,
001644,汇丰晋信智造先锋股票C,2021-09-07,4.1314,4.1314,2.28,-0.46,0.87,20.54,41.84,115.68,300.06,392.30,40.15,313.02,2015-09-30,105.9827,
004433,南方有色金属ETF联接C,2021-09-07,1.5341,1.5341,2.27,-4.96,9.12,32.73,41.64,86.58,122.33,137.15,53.52,53.41,2017-09-08,80.6981,
010345,华泰柏瑞成长智选混合A,2021-09-07,1.3133,1.3133,3.47,-1.67,-1.07,12.12,41.64,,,,21.78,31.33,2020-11-23,23.99,1.50%
010990,南方有色金属ETF联接E,2021-09-07,1.5543,1.5543,2.27,-4.96,9.11,32.73,41.63,,,,53.51,60.45,2020-12-18,55.393827,
001475,易方达国防军工混合,2021-09-07,1.9880,1.9880,0.51,-5.83,1.27,31.05,41.60,50.83,134.43,162.96,25.74,98.80,2015-06-19,47.2686,1.50%
000756,建信潜力新蓝筹股票,2021-09-07,3.50,3.50,2.46,2.13,15.47,29.87,41.59,70.65,150,183.86,44.81,250,2014-09-10,66.1628,1.50%
519089,新华优选成长混合,2021-09-07,3.2222,4.5788,0.83,0.27,2.52,33.15,41.52,63.65,166.12,220.76,35.63,747.98,2008-07-25,59.2541,1.50%
000242,景顺长城策略精选灵活配置混合,2021-09-07,3.2140,3.7640,2.55,0.63,10.07,22.91,41.46,65.33,156.71,230.32,51.25,407.48,2013-08-07,60.1337,1.50%
580009,东吴多策略混合A,2021-09-07,2.3778,3.1408,1.34,-6.08,3.95,39.25,41.41,52.92,113.93,165.91,27.39,342.33,2013-01-30,48.2925,1.50%
001790,国泰智能汽车股票A,2021-09-07,2.9830,2.9830,1.91,-3.21,-6.46,19.37,41.37,89.64,261.58,288.92,29.81,198.30,2017-08-01,80.1653,1.50%
519158,新华趋势领航混合,2021-09-07,4.6771,5.1435,0.84,0.22,2.76,31.65,41.31,56.84,125.08,194.71,30.03,485.12,2013-09-11,52.4950,1.50%
005136,华安幸福生活混合,2021-09-07,3.6306,3.6306,3.50,-0.56,7.21,31.51,41.31,70.21,208.28,324.14,43.22,263.06,2017-10-26,63.9944,1.50%
010346,华泰柏瑞成长智选混合C,2021-09-07,1.3081,1.3081,3.46,-1.68,-1.12,11.98,41.28,,,,21.36,30.81,2020-11-23,23.51,
011323,国泰智能汽车股票C,2021-09-07,2.9750,2.9750,1.92,-3.22,-6.48,19.19,41.06,,,,,17.17,2021-01-25,11.343048,
481010,工银中小盘混合,2021-09-07,4.6490,4.6490,2.63,-1.36,0.74,30.99,41.01,71.74,227.16,324.57,28.11,364.90,2010-02-10,63.8714,1.50%
007872,金信稳健策略灵活配置混合,2021-09-07,2.0057,2.0057,0.35,0.52,-6.05,15,40.96,68.24,,,38.86,100.57,2019-12-13,62.4056,1.50%
001225,中邮趋势精选灵活配置混合,2021-09-07,0.99,0.99,1.02,-4.81,-3.23,27.91,40.83,59.94,96.82,113.36,29.58,-1,2015-05-27,56.2197,1.50%
005161,华商上游产业股票,2021-09-07,2.2327,2.2327,2.58,-1.40,7.70,35.03,40.68,55.50,134.08,168.39,39.19,123.27,2017-12-27,51.2676,1.50%
011229,创金合信数字经济主题股票A,2021-09-07,1.4617,1.4617,1.30,3.02,8.60,28.90,40.64,,,,,46.17,2021-01-20,42.23,1.50%
004877,汇添富全球医疗混合人民币,2021-09-06,2.6652,2.6652,0.96,0.63,-3.51,23.35,40.54,51.63,119.25,137.69,42.03,166.52,2017-08-16,52.2170,1.60%
260111,景顺长城公司治理混合,2021-09-07,2.1540,3.3420,1.41,-0.14,-1.60,21.83,40.33,62.44,120.64,161.53,34.78,408.57,2008-10-22,57.3157,1.50%
310358,申万菱信新经济混合,2021-09-07,1.7396,3.3722,1.59,2.50,6.22,22.22,40.32,51.70,123.10,163.70,42.38,412.46,2006-12-06,46.1928,1.50%
005628,汇安趋势动力股票A,2021-09-07,1.8344,1.8344,2.84,-1.32,1.78,36.81,40.29,46.85,61.82,90.25,32.07,83.44,2018-04-25,39.1691,1.50%
011230,创金合信数字经济主题股票C,2021-09-07,1.4571,1.4571,1.30,3.01,8.56,28.73,40.28,,,,,45.71,2021-01-20,41.8,
001480,财通成长优选混合,2021-09-07,2.7980,2.7980,3.94,-2.34,21.65,37.22,40.25,59.43,126.93,280.16,50.03,179.80,2015-06-29,58.9744,1.50%
000592,建信改革红利股票,2021-09-07,6.6150,6.6150,2.75,-0.88,4.39,27.41,40.18,82.94,194.92,271.21,34.02,561.50,2014-05-14,77.2954,1.50%
519110,浦银安盛价值成长混合A,2021-09-07,2.5270,2.99,3.31,-2.85,2.35,18.86,40.16,58.97,101.12,153.74,35.45,229.63,2008-04-16,53.9364,1.50%
001166,建信环保产业股票,2021-09-07,1.7580,1.7580,1.50,-3.14,1.68,32.08,40.08,80.12,158.15,192.51,35.75,75.80,2015-04-22,76.1270,1.50%
590008,中邮战略新兴产业混合,2021-09-07,7.6240,7.6240,1.10,-4.75,-3.10,27.51,40.04,44.37,100.74,145.14,23.31,662.40,2012-06-12,40.9392,1.50%
005629,汇安趋势动力股票C,2021-09-07,1.7988,1.7988,2.84,-1.33,1.74,36.65,39.94,46.13,60.21,87.28,31.63,79.88,2018-04-25,38.4972,
400032,东方主题精选混合,2021-09-07,2.0390,2.0390,2.81,0.58,7.62,28.10,39.90,85.96,217.60,256.22,46.08,103.90,2015-03-23,80.9211,1.50%
720001,财通价值动量混合,2021-09-07,5.6540,6.1250,3.93,-1.64,24.35,39.54,39.85,65.47,134.61,289.39,52.98,649.12,2011-12-01,64.4717,1.50%
009008,平安科技创新混合A,2021-09-07,2.1917,2.1917,3.12,-2.39,13.38,36.06,39.82,58.47,,,35.37,119.17,2020-03-06,56.0810,1.50%
671030,西部利得事件驱动股票,2021-09-07,2.7502,2.7502,0.46,-0.94,-1.01,20.91,39.81,67.29,109.62,,37.03,175.02,2018-09-26,63.0657,1.50%
000308,建信创新中国混合,2021-09-07,6.7560,6.7560,1.33,0.84,6.90,34.26,39.73,78.31,144.34,235.29,39.59,575.60,2013-09-24,73.3175,1.50%
001978,泰信互联网+混合,2021-09-07,2.3960,2.3960,1.70,-2.48,-2.04,26.91,39.71,51.17,120.83,174.46,29.03,139.60,2016-06-08,47.0662,1.50%
000794,宝盈睿丰创新混合A/B,2021-09-07,3.29,3.29,4.18,3.98,1.04,28.32,39.64,37.89,119.63,203.23,24.81,229,2014-09-26,28.1643,1.20%
001677,中银战略新兴产业股票A,2021-09-07,3.6730,3.6730,2.54,-4.77,6.03,26.18,39.60,64.41,149.86,230.90,39.29,267.30,2015-11-26,60.3402,1.50%
460001,华泰柏瑞盛世中国混合,2021-09-07,0.7736,4.4748,3.17,-1.21,-1.91,11.78,39.53,59.84,132.79,176.54,23.68,1241.37,2005-04-27,52.3621,1.50%
003886,汇安丰利混合A,2021-09-07,2.2493,2.5204,1.70,-1.41,-1.78,13.61,39.41,64.71,143.86,151.19,41.60,174.80,2016-12-19,59.5209,1.50%
003887,汇安丰利混合C,2021-09-07,2.2050,2.4741,1.71,-1.41,-1.79,13.59,39.35,64.56,142.75,151.35,41.50,169.73,2016-12-19,59.3710,
010812,中银战略新兴产业股票C,2021-09-07,3.6620,3.6620,2.52,-4.78,5.99,26.02,39.35,,,,38.98,59.22,2020-12-11,55.304348,
009009,平安科技创新混合C,2021-09-07,2.1655,2.1655,3.12,-2.40,13.31,35.79,39.25,57.22,,,34.63,116.55,2020-03-06,54.8570,
001448,华商双翼平衡混合,2021-09-07,1.7280,1.7280,2.01,2.07,8.14,26.41,39.24,49.61,50.65,60,33.33,72.80,2015-06-16,46.5801,1.20%
008983,财通科技创新混合A,2021-09-07,1.5585,1.5585,3.66,-1.88,18.45,37.59,39.19,59.29,,,49.45,55.85,2020-07-07,,1.50%
001479,中邮风格轮动灵活配置混合,2021-09-07,2.4460,2.5690,1.41,1.87,8.09,33.59,39.14,57.91,116.65,148.83,31.36,173.39,2016-01-27,53.3893,1.50%
005630,华安研究精选混合A,2021-09-07,3.0617,3.3030,3.40,-0.18,1.17,16.20,39.14,55.17,171.33,288.15,32.70,242.31,2018-03-14,48.5563,1.50%
001267,泰达宏利蓝筹混合,2021-09-07,1.6260,1.6260,1.94,-0.31,3.11,21.07,39.09,55.90,121.22,183.77,32.63,62.60,2015-06-03,50.1438,1.50%
620004,金元顺安价值增长混合,2021-09-07,1.2880,1.2880,2.30,-3.52,5.14,31.56,39.09,47.20,71.28,118.68,28.93,28.80,2009-09-11,44.3429,1.50%
000796,宝盈睿丰创新混合C,2021-09-07,2.93,2.93,4.20,3.97,0.96,28.06,39.06,36.79,116.08,196.26,24.15,193,2014-09-26,27.1709,
519091,新华泛资源优势混合,2021-09-07,7.6754,7.6754,0.74,0.21,2.54,30.87,39.04,60.78,155.93,200.88,33.55,667.54,2009-07-13,56.7889,1.50%
000067,民生加银转债优选A,2021-09-07,1.1840,1.5840,3.41,1.54,7.54,31.56,38.97,40.62,64.44,94.10,36.25,64.43,2013-04-18,36.1045,0.80%
010622,恒越成长精选混合A,2021-09-07,1.2598,1.2598,1.93,0.14,-0.87,12.24,38.93,,,,,25.98,2021-02-09,22.27,1.50%
000068,民生加银转债优选C,2021-09-07,1.1560,1.5460,3.40,1.49,7.53,31.51,38.78,39.95,63.28,92.03,35.84,59.41,2013-04-18,35.4722,0.00%
002179,华安事件驱动量化策略混合,2021-09-07,1.99,1.99,1.63,-1.87,-0.75,24.06,38.77,51.68,119.40,158.44,32.84,99,2016-12-14,47.1799,1.50%
010623,恒越成长精选混合C,2021-09-07,1.2577,1.2577,1.94,0.14,-0.90,12.16,38.71,,,,,25.77,2021-02-09,22.06,
166301,华商新趋势优选灵活配置混合,2021-09-07,9.1690,9.1690,2.63,1.40,14.71,30.24,38.69,88.97,188.70,288.19,44.96,816.90,2012-09-06,82.6257,1.50%
008984,财通科技创新混合C,2021-09-07,1.5441,1.5441,3.66,-1.89,18.38,37.31,38.62,58.01,,,48.64,54.41,2020-07-07,,
210002,金鹰红利价值混合,2021-09-07,1.7978,2.9958,1.10,3.51,4.26,26.84,38.58,17.39,58.79,64.15,31.66,330,2008-12-04,14.5870,1.50%
020023,国泰事件驱动策略混合,2021-09-07,7.5120,7.5120,1.79,-1.26,-0.83,21.85,38.52,58.25,179.26,259.77,26.53,651.20,2011-08-17,54.5818,1.50%
011174,中庚价值品质一年持有期混合,2021-09-07,1.4604,1.4604,2.51,4.51,14.88,31.95,38.39,,,,,46.04,2021-01-19,41.8,1.50%
007340,南方科技创新混合A,2021-09-07,3.3690,3.3690,2.86,-1.56,3.10,38.20,38.14,51.80,169.35,,35.88,236.90,2019-05-06,47.3011,1.50%
002983,长信国防军工量化混合A,2021-09-07,1.8767,1.8767,1.43,-5.17,2.86,31.67,38.13,41.69,121.62,164.10,22.04,87.67,2017-01-05,37.5236,1.50%
000536,前海开源可转债债券,2021-09-07,1.4280,1.7980,1.49,1.28,8.51,25.48,38.10,53.05,63.20,87.89,34.59,103.88,2014-03-25,50.3751,0.80%
004475,华泰柏瑞富利混合,2021-09-07,1.6617,1.6617,0.94,5.25,17.55,28.83,38.10,67.88,87.23,110.45,44.03,66.17,2017-09-12,63.6492,1.50%
006314,中融策略优选混合A,2021-09-07,3.1662,3.1662,1.39,-2.27,3.60,19.52,37.94,44.56,166.96,,32.19,216.62,2019-05-08,41.3204,1.50%
001808,银华互联网主题灵活配置混合,2021-09-07,2.4830,2.4830,2.86,-3.42,2.94,30.82,37.87,58.86,161.37,261.43,25.15,148.30,2015-11-18,54.7025,1.50%
008960,长信国防军工量化混合C,2021-09-07,1.8658,1.8658,1.42,-5.18,2.82,31.54,37.86,41.13,,,21.71,95.39,2020-02-21,36.9894,
530001,建信恒久价值混合,2021-09-07,1.8062,5.3897,2.79,-0.57,5.39,26.16,37.85,80.58,178.52,227.78,32.82,1061.87,2005-12-01,74.5567,1.50%
006315,中融策略优选混合C,2021-09-07,3.1085,3.1085,1.39,-2.27,3.58,19.43,37.74,43.78,163.75,,31.62,210.85,2019-05-08,40.5550,
202027,南方高端装备灵活配置混合A,2021-09-07,4.6150,4.99,2.83,-0.41,3.64,27.21,37.72,80.34,167.85,240.09,43.06,513.43,2012-09-25,73.1145,1.50%
005260,银华稳健增利灵活配置混合A,2021-09-07,1.9021,1.9021,2.77,2.59,9.76,17.47,37.69,43.35,105.30,137.11,35.40,90.19,2017-12-15,37.5311,1.50%
370024,上投摩根核心优选混合,2021-09-07,7.1786,7.3936,3.01,-0.82,4.68,20.55,37.68,60.67,166.57,244.57,37.44,702.15,2012-11-28,55.2216,1.50%
005402,广发资源优选股票A,2021-09-07,2.88,2.88,3.08,-4.91,8.90,32.60,37.63,72.81,189.51,223.74,48.14,188,2017-12-14,67.4427,1.50%
007341,南方科技创新混合C,2021-09-07,3.3068,3.3068,2.86,-1.57,3.03,37.92,37.58,50.60,165.10,,35.14,230.68,2019-05-06,46.1472,
002537,平安安盈灵活配置混合,2021-09-07,2.9725,2.9725,1.56,-0.98,0.95,21.48,37.52,63.47,146.89,190.57,37.13,197.25,2016-04-22,60.1353,1.20%
005261,银华稳健增利灵活配置混合C,2021-09-07,1.8814,1.8814,2.77,2.59,9.73,17.37,37.44,42.83,103.92,134.79,35.07,88.14,2017-12-15,37.0407,
210014,金鹰元丰债券,2021-09-07,2.0262,2.4803,2.30,3.41,10.33,25.78,37.43,47.98,83.12,95.15,31.30,148.03,2013-01-30,43.1712,0.60%
001476,中银智能制造股票A,2021-09-07,2.2220,2.2220,1.88,-3.43,-2.37,32.26,37.41,88.31,220.63,286.43,38.01,122.20,2015-06-19,83.7288,1.50%
002707,大摩科技领先混合,2021-09-07,2.1456,2.1456,-0.14,-1.88,0.55,21.15,37.36,40.29,126.38,178.79,33.74,114.56,2017-12-13,39.0415,1.50%
010235,广发资源优选股票C,2021-09-07,2.8706,2.8706,3.08,-4.92,8.86,32.46,37.35,,,,47.74,70.03,2020-09-24,64.763371,
005360,汇安资产轮动混合,2021-09-07,1.1120,1.1120,2.72,-1.71,0.52,33.14,37.33,41.71,30.13,24.54,27.55,11.20,2017-12-26,34.4463,1.50%
006102,浙商丰利增强债券,2021-09-07,2.0439,2.0439,3.01,5.70,19.94,24.38,37.20,49.96,94.86,104.35,41.79,104.39,2018-08-28,45.4439,0.80%
005207,南方高端装备灵活配置混合C,2021-09-07,4.48,4.8550,2.85,-0.42,3.58,26.95,37.17,78.91,163.68,232.10,42.27,183.72,2017-12-01,71.7252,
005815,农银汇理睿选灵活配置混合,2021-09-07,3.0444,3.0444,2.68,-1.43,-2.13,30.14,37.12,44.53,153.19,239.40,27.18,204.44,2018-05-25,39.0809,1.50%
001229,德邦福鑫灵活配置混合A,2021-09-07,2.1893,2.1893,2.50,-2.98,1.73,22.38,37.05,67.75,126.78,113.63,37.40,118.93,2015-04-27,61.7347,1.50%
003624,创金合信资源股票发起式A,2021-09-07,3.0292,3.0292,2.90,-4.36,11.49,33.87,37.05,105.20,212.29,233.54,49.38,202.92,2016-11-02,96.8229,1.50%
519909,华安安顺混合,2021-09-07,4.62,5.0150,2.51,-0.19,8.30,24.73,36.97,62.05,170.81,207.18,37.38,362,2014-05-12,58.5759,1.50%
004854,广发中证全指汽车指数A,2021-09-07,1.7191,1.7191,2.17,2.47,5.01,25.02,36.97,77.34,118.30,139.63,26.35,71.91,2017-07-31,69.6720,1.00%
005794,银华心怡灵活配置混合,2021-09-07,3.3450,3.5180,1.39,2.50,1.01,27.90,36.95,53.55,147.74,290.42,35.69,265.94,2018-07-05,48.3337,1.50%
003145,中融竞争优势,2021-09-07,2.2683,2.2683,1.32,-0.88,6.35,20.05,36.94,52.01,171.26,202.36,36.79,126.83,2016-09-07,47.9091,1.50%
002106,德邦福鑫灵活配置混合C,2021-09-07,2.1499,2.1499,2.50,-2.99,1.71,22.30,36.88,67.33,125.52,112.34,37.16,111.21,2015-11-16,61.3402,
005211,银河智慧混合,2021-09-07,3.1851,3.1851,2.86,-1.52,-0.52,29.37,36.84,57.59,179.57,271.66,36.91,218.48,2017-12-01,50.6308,1.50%
004855,广发中证全指汽车指数C,2021-09-07,1.7132,1.7132,2.17,2.47,4.99,24.95,36.83,76.98,117.52,138.74,26.17,71.32,2017-07-31,69.3388,
002256,金信行业优选混合发起式,2021-09-07,2.3680,2.3680,0.47,0.68,-4.75,15.96,36.72,53.57,148.74,221.74,29.90,136.80,2016-04-01,47.8599,1.50%
010779,西部利得量化优选一年持有A,2021-09-07,1.2305,1.2905,2.21,0.24,1.05,19.92,36.71,,,,,29.14,2021-01-19,24.533288,1.50%
003625,创金合信资源股票发起式C,2021-09-07,2.9541,2.9541,2.90,-4.37,11.44,33.71,36.70,104.18,211.78,231.40,48.87,195.41,2016-11-02,95.8529,
002168,嘉实智能汽车股票,2021-09-07,4.5060,4.5060,2.99,1.99,-1.64,21.95,36.50,74.79,170.47,310.01,25.27,350.60,2016-02-04,64.9728,1.50%
690011,民生加银积极成长混合发起式,2021-09-07,3.7480,3.7480,2.13,-3.05,0.94,27.92,36.49,64.24,142.43,203.97,27.61,274.80,2013-01-31,56.9238,1.50%
002064,华富产业升级灵活配置混合,2021-09-07,2.1480,2.4480,0.99,-1.96,-4.41,27.10,36.47,48.24,113.55,170.24,33.75,166.72,2017-05-08,43.6853,1.50%
210004,金鹰稳健成长混合,2021-09-07,2.7110,3.4410,2.11,-1.06,-1.45,20.70,36.44,48.30,117.75,157.94,26.03,355.11,2010-04-14,42.0678,1.50%
009885,新华景气行业混合A,2021-09-07,1.3083,1.3083,0.82,0.29,2.27,30.93,36.41,,,,26.38,30.83,2020-09-27,27.28,1.50%
004496,前海开源多元策略混合A,2021-09-07,2.5523,2.5523,2.54,10.70,17.97,29.93,36.28,27.35,79.93,193.71,37.81,155.20,2017-07-03,21.0109,1.50%
163803,中银持续增长混合A,2021-09-07,0.6695,4.7120,2.59,-4.86,4.61,22.64,36.27,66.38,141.08,160.48,35.22,938.13,2006-03-17,62.2587,1.50%
001701,中融产业升级混合,2021-09-07,3.1220,3.1220,2.16,-0.76,4.17,27.53,36.27,42.17,175.55,233.19,33.93,212.20,2016-03-18,35.7468,1.50%
000924,宝盈先进制造混合A,2021-09-07,3.4050,3.7170,1.13,0.47,3.37,17.45,36.20,58.30,185.12,290.33,32.23,331.55,2014-12-17,52.9521,1.50%
004497,前海开源多元策略混合C,2021-09-07,2.5117,2.5117,2.54,10.70,17.96,29.90,36.20,27.23,79.57,193.22,37.73,151.14,2017-07-03,20.8945,1.50%
003956,南方教育股票,2021-09-07,2.5651,2.5651,1.97,-3.04,-2.56,22.78,36.19,39.39,123.07,216.84,19.36,156.51,2017-01-25,35.6483,1.50%
005802,汇添富智能制造股票,2021-09-07,2.1597,2.1597,0.55,-0.69,-4.98,26.28,36.16,36.09,101.41,128.01,27.10,115.97,2018-04-23,31.6509,1.50%
001261,中融新机遇混合,2021-09-07,1.5670,1.5670,0.06,-3.69,-3.81,20.63,36.14,28.44,61.21,71.07,19.80,56.70,2015-05-04,25.9836,1.50%
000698,宝盈科技30混合,2021-09-07,3.9220,3.9220,1.37,0.80,-2.70,18.63,36.09,39.77,120.09,179.94,24.35,292.20,2014-08-13,34.6757,1.50%
009886,新华景气行业混合C,2021-09-07,1.3021,1.3021,0.82,0.28,2.23,30.77,36.06,,,,25.94,30.21,2020-09-27,26.69,
001070,建信信息产业股票,2021-09-07,3.5170,3.5170,1.03,0.49,4.58,29.25,36.05,73.51,144.41,253.11,37.12,251.70,2015-03-24,69.1169,1.50%
001719,工银国家战略股票,2021-09-07,2.5720,2.5720,2.47,2.88,17.28,31.22,36.01,55.50,107.75,211.38,36.81,157.20,2016-01-29,49.3349,1.50%
006270,汇安核心成长混合A,2021-09-07,1.8345,1.8345,2.27,-2.98,0.41,24.67,35.90,47.57,85.40,,26.88,83.45,2019-01-25,41.2598,1.50%
008919,永赢科技驱动A,2021-09-07,1.7023,1.7023,0.88,-2.26,-5.10,18.23,35.88,51.50,,,34.87,70.23,2020-02-18,46.0217,1.50%
007203,银河新动能混合,2021-09-07,2.5423,2.5423,1.85,-1.56,-5.51,28.06,35.88,52.11,,,26.43,154.23,2019-11-18,46.9307,1.50%
000547,建信健康民生混合,2021-09-07,6.9310,6.9310,1.54,1.03,9.22,26.39,35.82,73.10,162.44,263.83,42.53,593.10,2014-03-21,68.3317,1.50%
003175,华泰柏瑞多策略混合,2021-09-07,1.8371,1.8371,1.05,5.11,17.24,27.25,35.76,39.49,52.63,73.21,42.99,83.71,2016-09-29,36.0364,1.50%
008920,永赢科技驱动C,2021-09-07,1.6970,1.6970,0.87,-2.27,-5.12,18.18,35.74,51.19,,,34.68,69.70,2020-02-18,45.7324,
007579,宝盈先进制造混合C,2021-09-07,3.3510,3.5560,1.15,0.45,3.30,17.25,35.67,57.10,180.70,,31.57,228.58,2019-07-01,51.8050,
001387,中融新经济混合A,2021-09-07,4.8520,5.43,2.26,-0.72,4.86,28.63,35.64,41.75,166.20,222.27,32.14,536.14,2015-11-17,35.2907,1.50%
004666,长城久嘉创新成长混合A,2021-09-07,1.9035,1.9035,-0.15,-4.26,-5.12,26.80,35.62,38.70,96.30,108.56,33.15,90.35,2017-07-05,36.2722,1.50%
001404,招商移动互联网产业股票基金,2021-09-07,1.5960,1.5960,0.25,-2.68,-10.29,23.15,35.60,29.97,93.69,137.50,30.18,59.60,2015-06-19,26.9544,1.50%
519975,长信量化中小盘股票,2021-09-07,1.7870,2.1870,2.94,1.77,13.17,29.12,35.58,36.31,125.06,146.48,42.96,145.32,2015-02-04,31.8841,1.50%
010611,万家战略发展产业混合A,2021-09-07,1.3182,1.3182,1.23,-1.16,2.83,20.76,35.56,,,,,31.82,2021-01-13,29.76,1.50%
540003,汇丰晋信动态策略混合A,2021-09-07,5.2010,5.8410,1.92,4.05,11.31,19.39,35.53,79.13,158.37,230.89,42.63,675.92,2007-04-09,73.7868,1.50%
001388,中融新经济混合C,2021-09-07,2.9320,3.0780,2.23,-0.71,4.83,28.54,35.49,41.37,164.96,219.99,31.89,217.43,2015-11-17,34.9084,
001097,华泰柏瑞积极优选股票,2021-09-07,1.1460,1.1460,1.42,-5.21,-0.61,23.49,35.46,40.96,81.04,97.93,24.03,14.60,2015-03-26,37.8844,1.50%
005793,华富可转债债券,2021-09-07,1.5467,1.5467,2.42,2.96,11.88,26.06,35.46,25.18,38.02,57.99,18.57,54.67,2018-05-21,20.7996,0.80%
001468,广发改革混合,2021-09-07,1.7690,1.7690,3.21,4.12,16.08,34.22,35.45,45.60,150.21,221.64,40.62,76.90,2015-07-27,40.9877,1.50%
002604,华夏新起点混合A,2021-09-07,2.3170,2.3170,0.78,-5.12,-0.22,24.44,35.42,37.67,97.70,139.11,22.92,131.70,2016-06-30,35.2941,1.50%
003516,国泰融安多策略灵活配置混合,2021-09-07,3.9681,3.9681,2.04,-1.29,-0.43,20.48,35.41,46.75,158,293.74,23.12,296.81,2017-07-03,43.1229,1.50%
008962,建信科技创新混合A,2021-09-07,1.7677,1.7677,1.26,0.26,5.86,29.95,35.39,71.02,,,34.34,76.77,2020-02-17,67.1053,1.50%
006271,汇安核心成长混合C,2021-09-07,1.7891,1.7891,2.26,-3,0.33,24.41,35.34,46.38,82.41,,26.17,78.91,2019-01-25,40.1407,
007770,同泰开泰混合A,2021-09-07,1.8914,1.8914,3.05,-0.44,4.60,29.55,35.30,53.21,87.75,,41.83,89.14,2019-08-28,47.6711,1.50%
000654,华商新锐产业混合,2021-09-07,2.1220,2.1420,2.31,-2.21,0.57,29.39,35.25,32.96,77.57,124.08,24.97,116.04,2014-07-24,28.9474,1.50%
010612,万家战略发展产业混合C,2021-09-07,1.3139,1.3139,1.22,-1.17,2.78,20.60,35.22,,,,,31.39,2021-01-13,29.34,
008213,华夏新起点混合C,2021-09-07,2.2910,2.2910,0.79,-5.13,-0.22,24.38,35.16,37.19,,,22.64,93.17,2019-11-15,34.7905,
002863,金信深圳成长混合发起式,2021-09-07,2.2210,2.2210,-0.22,-0.80,-6.99,15.14,35.10,20.12,73.38,99.37,24.99,122.10,2016-12-22,17.9557,1.50%
008963,建信科技创新混合C,2021-09-07,1.7540,1.7540,1.26,0.25,5.82,29.79,35.05,70.18,,,33.88,75.40,2020-02-17,66.2850,
007771,同泰开泰混合C,2021-09-07,1.8746,1.8746,3.04,-0.46,4.55,29.41,35.02,52.59,86.10,,41.44,87.46,2019-08-28,47.0818,
519642,银河智造混合,2021-09-07,4.0120,4.0120,1.96,-2.10,-5.95,26.72,34.99,53.31,187.19,266.06,25.81,301.20,2016-03-11,48.0321,1.50%
003984,嘉实新能源新材料股票A,2021-09-07,3.6732,3.6732,3.46,2.79,-0.12,22.27,34.95,81.03,196.63,343.94,30.26,267.32,2017-03-16,70.1331,1.50%
006323,合煦智远嘉选混合A,2021-09-07,2.3188,2.4288,1.68,2.85,9.06,27.98,34.89,66.51,129.36,,30.07,151.65,2018-09-18,62.2189,1.50%
920003,中金新锐股票A,2021-09-07,4.2031,4.6831,2.51,4.44,12.67,22.37,34.87,59.84,,,39.80,101.89,2020-04-07,53.1926,1.50%
001252,中海进取收益混合,2021-09-07,2.4050,2.4050,3.09,1.22,4.25,18.65,34.81,39.02,116.08,152.36,24.87,140.50,2015-05-13,33.6994,0.80%
002281,建信裕利灵活配置混合,2021-09-07,2.4506,2.4506,1,1.36,3.98,29.37,34.80,70.76,124.72,184.62,33.73,145.06,2016-01-04,66.4971,1.50%
006251,银华兴盛股票,2021-09-07,2.4408,2.4408,2.53,-2.24,3.58,23.71,34.79,57.46,143.50,,23.05,144.08,2019-08-01,52.2934,1.50%
006482,广发可转债债券A,2021-09-07,2.0392,2.0392,2.23,3.33,12.37,25.45,34.74,48.18,87.46,,37.43,103.90,2018-11-02,42.9444,1.00%
005569,中融智选红利股票A,2021-09-07,1.9576,1.9576,2.20,-1.10,7.92,23.93,34.71,49.13,84.28,120.48,37.24,95.76,2018-03-30,44.4199,1.50%
001113,南方大数据100A,2021-09-07,1.3182,1.3182,3.32,0.66,8.07,24.91,34.69,36.26,102.68,104.25,31.32,31.82,2015-04-24,30.7629,1.20%
210009,金鹰核心资源混合,2021-09-07,1.6190,1.7190,0.87,1.31,2.02,23.68,34.69,14.26,84.82,96.96,33.47,77.23,2012-05-23,11.5738,1.50%
006266,永赢智能领先混合A,2021-09-07,3.0234,3.0234,1.08,-1.96,-4.55,16.66,34.69,66,163.98,,24.90,202.34,2019-03-26,59.6607,1.50%
003985,嘉实新能源新材料股票C,2021-09-07,3.6155,3.6155,3.46,2.78,-0.16,22.12,34.62,80.14,193.70,339.68,29.82,261.55,2017-03-16,69.3024,
001056,北信瑞丰健康生活,2021-09-07,1.8430,1.8430,1.15,-2.12,4.18,29.61,34.62,49.96,105.69,135.08,35.12,84.30,2015-03-27,44.9146,1.50%
010629,广发可转债债券E,2021-09-07,2.0362,2.0362,2.23,3.33,12.35,25.39,34.61,,,,37.21,46.35,2020-11-13,41.184504,
002844,金鹰多元策略混合,2021-09-07,2.6855,2.6855,2.39,2.34,6.29,18.11,34.60,72.63,127.08,194.46,38.91,168.55,2016-08-09,65.8524,1.50%
006269,永赢智能领先混合C,2021-09-07,3.0032,3.0032,1.08,-1.97,-4.56,16.60,34.56,65.68,162.68,,24.73,200.32,2019-03-26,59.3535,
006324,合煦智远嘉选混合C,2021-09-07,2.2758,2.3858,1.68,2.84,9.02,27.82,34.55,65.68,127,,29.62,147.22,2018-09-18,61.4228,
920923,中金新锐股票C,2021-09-07,4.1740,4.1740,2.51,4.43,12.62,22.22,34.54,59.05,,,39.33,99.57,2020-04-07,52.4407,
006483,广发可转债债券C,2021-09-07,2.0640,2.0640,2.23,3.33,12.33,25.33,34.47,47.59,86.40,,37.06,106.38,2018-11-02,42.3811,
001716,工银新趋势灵活配置混合A,2021-09-07,4.0310,4.0310,1.56,-2.75,0.32,26.96,34.46,76.72,213.45,272.21,32.95,303.10,2015-12-15,72.6436,1.50%
004344,南方大数据100C,2021-09-07,1.2958,1.2958,3.31,0.65,8.03,24.79,34.42,35.71,101.09,101.84,30.97,42.98,2017-02-23,30.2367,
005570,中融智选红利股票C,2021-09-07,1.9271,1.9271,2.19,-1.10,7.88,23.79,34.40,48.43,82.27,117.63,36.81,92.71,2018-03-30,43.7572,
003980,中银证券瑞益灵活配置混合A,2021-09-07,2.5070,2.5070,3.42,5.17,4.86,13.44,34.37,58.82,114.75,157.84,29.22,150.70,2017-01-25,51.3209,1.00%
005876,易方达鑫转增利混合A,2021-09-07,2.1923,2.1923,2.26,3.15,9.31,28.34,34.35,50.02,104.70,,31.88,119.23,2018-11-07,45.8701,1.00%
001167,金鹰科技创新股票,2021-09-07,1.4480,1.4480,0.91,1.47,1.61,20.77,34.32,51.78,118.07,142.95,29.87,44.80,2015-04-30,48.0084,1.50%
004557,北信瑞丰鼎丰灵活配置混合,2021-09-07,1.6979,1.6979,3.25,-0.58,3.71,31.61,34.31,57.53,,,28.09,69.79,2019-11-13,53.8875,1.50%
006551,中庚价值领航混合,2021-09-07,2.2851,2.2851,2.39,6.31,15.78,29.95,34.21,31.51,76.09,,39.09,128.51,2018-12-19,26.8474,1.50%
000612,华宝生态中国混合,2021-09-07,4.5090,4.7090,1.60,0.69,4.84,27.19,34.20,49.40,117.93,173.44,33.01,384.08,2014-06-13,44.6985,1.50%
006392,中信保诚创新成长混合,2021-09-07,3.5924,3.5924,1.58,0.44,0.70,19.15,34.09,69.59,224.17,,42,259.24,2019-01-30,63.2960,1.50%
003981,中银证券瑞益灵活配置混合C,2021-09-07,2.4606,2.4606,3.42,5.16,4.81,13.30,34.03,58.50,113.61,155.28,28.82,146.06,2017-01-25,51.0242,
001997,工银新趋势灵活配置混合C,2021-09-07,3.7540,3.7540,1.54,-2.77,0.27,26.78,34.02,75.67,209.48,265.18,32.37,275.40,2015-12-15,71.6425,
660015,农银行业轮动混合,2021-09-07,7.3151,7.4151,2.68,-1.55,0.70,22.01,33.94,50.56,138.88,187.13,28.13,691.67,2012-11-14,44.8595,1.50%
005877,易方达鑫转增利混合C,2021-09-07,2.1537,2.1537,2.26,3.14,9.25,28.15,33.94,49.12,102.26,,31.35,115.37,2018-11-07,44.9976,
007713,华富科技动能混合,2021-09-07,1.5116,1.5616,0.70,-2.46,-2.87,23.39,33.94,21.11,,,18.76,57.30,2019-11-06,18.6764,1.50%
610002,信达澳银精华配置混合A,2021-09-07,1.4020,3.7180,1.30,-0.85,-1.06,24.70,33.86,37.29,106.06,207.51,29.48,652.42,2008-07-30,33.4687,1.50%
288001,华夏经典混合,2021-09-07,2.5160,4.9060,1.53,-0.67,9.77,20.61,33.83,60.36,129.98,174.37,39.86,1046.70,2004-03-15,57.6800,1.50%
206012,鹏华价值精选股票,2021-09-07,3.77,3.77,3.09,-1.64,3.94,30.18,33.83,51.41,175.58,251.35,28.93,277,2012-04-16,47.1486,1.50%
006593,博道中证500增强A,2021-09-07,2.3789,2.4789,2.73,2.51,10.64,19.37,33.82,44.68,109.28,,40.95,158.96,2019-01-03,39.4089,1.20%
007590,华宝绿色领先股票,2021-09-07,1.8617,1.8617,2.08,1.48,1.57,32.05,33.75,48.65,,,33.06,86.17,2019-09-18,43.6682,1.50%
010460,兴业研究精选混合,2021-09-07,1.4978,1.4978,0.41,0.22,0.54,16.18,33.64,,,,35.99,49.78,2020-11-25,46.16,1.50%
006594,博道中证500增强C,2021-09-07,2.3599,2.4599,2.73,2.51,10.61,19.28,33.62,44.26,108.03,,40.66,156.91,2019-01-03,39.0060,
001457,华商新常态混合,2021-09-07,1.4870,2.23,2.76,0.07,1.43,18.54,33.59,65.61,167.85,229.37,33.42,167.71,2015-06-29,58.9252,1.50%
004205,东方支柱产业灵活配置混合,2021-09-07,1.3671,1.3671,2.44,-2.03,6.08,24.27,33.47,75.38,83.48,64.57,47.56,36.71,2017-05-24,69.5446,1.50%
002213,中海顺鑫灵活配置混合,2021-09-07,2.8040,2.8370,1.46,-3.78,-5.84,24.71,33.34,55.30,172.97,213.96,32.08,189.65,2015-12-30,50.9111,0.80%
005313,万家中证1000指数增强A,2021-09-07,1.3262,1.9621,2.70,2.03,8.25,20.09,33.34,30.33,83.82,126.67,28.57,128.61,2018-01-30,25.0423,1.50%
009347,中融价值成长6个月持有混合A,2021-09-07,1.3363,1.3363,2.15,-1.57,5.72,20.26,33.26,37.61,,,28.18,33.63,2020-08-05,,1.50%
005381,泰康睿利量化多策略混合A,2021-09-07,1.9621,1.9621,3.51,-0.63,6.58,27.65,33.25,43.09,107.59,146.06,33.44,96.21,2018-02-06,37.5802,1.50%
009049,易方达高端制造混合,2021-09-07,2.1294,2.1294,1.53,-2.18,3.39,35.34,33.25,72.14,,,35.72,112.94,2020-03-16,68.8601,1.50%
210005,金鹰主题优势混合,2021-09-07,2.7120,2.7120,2.53,-2.41,-0.70,23.84,33.20,38.37,87.55,176.45,21.23,171.20,2010-12-20,34.4388,1.50%
001924,华夏国企改革混合,2021-09-07,2.1270,2.1270,2.36,-3.58,-1.48,21.06,33.19,55.26,132.97,169.92,19.76,112.70,2015-11-25,50.2190,1.50%
003670,中融物联网主题灵活配置混合,2021-09-07,2.0568,2.0568,1.25,-1.18,9.18,29.36,33.13,52.03,143.49,141.15,30.33,105.68,2017-02-27,51.4746,1.50%
005314,万家中证1000指数增强C,2021-09-07,1.3267,1.9364,2.70,2.02,8.21,19.98,33.07,29.78,82.24,124.53,28.22,124.06,2018-01-30,24.5280,
502000,西部利得中证500指数增强A,2021-09-07,1.9893,1.2590,2.29,2.93,9.27,20.96,32.91,51.38,118.61,165.33,36.52,36.08,2015-04-15,46.1532,1.00%
006401,先锋量化优选混合A,2021-09-07,1.9160,89.5508,2.21,0.84,5.29,19.85,32.82,49.02,84.53,,36.77,8855.08,2019-05-15,43.8594,1.50%
481015,工银主题策略混合A,2021-09-07,5.8130,5.8130,2.63,-3.21,-2.01,24.50,32.75,65.99,192.26,262.86,20,481.30,2011-10-24,58.1382,1.50%
020022,国泰策略价值灵活配置混合,2021-09-07,2.8540,2.8540,1.21,-4.64,-0.31,24.41,32.74,40.45,75.09,127.23,32.25,230.56,2011-04-19,36.7618,1.20%
009348,中融价值成长6个月持有混合C,2021-09-07,1.3247,1.3247,2.15,-1.58,5.65,20.02,32.71,36.50,,,27.49,32.47,2020-08-05,,
006568,国联安行业领先混合,2021-09-07,2.5279,2.5279,2.52,-3.32,5.26,22.28,32.68,46.54,131.85,,29.68,152.79,2018-12-13,41.2232,1.50%
377240,上投摩根新兴动力混合A,2021-09-07,7.9030,7.9030,3.40,0.38,5.02,24.81,32.67,58.28,170.74,245.71,37.28,690.30,2011-07-13,54.0557,1.50%
009300,西部利得中证500指数增强C,2021-09-07,1.9787,1.9787,2.30,2.92,9.24,20.84,32.66,50.79,,,36.15,112.63,2020-04-13,45.5876,
000793,工银高端制造股票,2021-09-07,2.4690,2.4690,2.45,-3.25,-2.72,24.38,32.60,61.37,191.84,232.75,19.10,146.90,2014-10-22,54.1830,1.50%
006402,先锋量化优选混合C,2021-09-07,1.8760,1.8760,2.21,0.83,5.25,19.70,32.49,48.27,82.21,,36.29,87.60,2019-05-15,43.1360,
010427,兴银策略智选混合A,2021-09-07,1.3779,1.3779,3.70,-4.17,-2.48,34.25,32.38,,,,30.09,37.79,2020-11-10,32.66,1.50%
162208,泰达宏利首选企业股票,2021-09-07,2.2020,3.3803,2.60,0.01,2.07,18.10,32.34,46.71,123.86,215.79,22.22,454.38,2006-12-01,40.9754,1.50%
